# ************************************************************
# Sequel Pro SQL dump
# Version 4541
#
# http://www.sequelpro.com/
# https://github.com/sequelpro/sequelpro
#
# Host: 127.0.0.1 (MySQL 5.7.20)
# Database: anirban
# Generation Time: 2018-01-20 13:36:25 +0000
# ************************************************************


/*!40101 SET @OLD_CHARACTER_SET_CLIENT=@@CHARACTER_SET_CLIENT */;
/*!40101 SET @OLD_CHARACTER_SET_RESULTS=@@CHARACTER_SET_RESULTS */;
/*!40101 SET @OLD_COLLATION_CONNECTION=@@COLLATION_CONNECTION */;
/*!40101 SET NAMES utf8 */;
/*!40014 SET @OLD_FOREIGN_KEY_CHECKS=@@FOREIGN_KEY_CHECKS, FOREIGN_KEY_CHECKS=0 */;
/*!40101 SET @OLD_SQL_MODE=@@SQL_MODE, SQL_MODE='NO_AUTO_VALUE_ON_ZERO' */;
/*!40111 SET @OLD_SQL_NOTES=@@SQL_NOTES, SQL_NOTES=0 */;


# Dump of table accounts
# ------------------------------------------------------------

DROP TABLE IF EXISTS `accounts`;

CREATE TABLE `accounts` (
  `id` int(10) unsigned NOT NULL AUTO_INCREMENT,
  `user_id` int(10) unsigned NOT NULL,
  `date_of_account` date NOT NULL,
  `day` varchar(5) COLLATE utf8mb4_unicode_ci NOT NULL DEFAULT '0',
  `month` varchar(5) COLLATE utf8mb4_unicode_ci NOT NULL DEFAULT '0',
  `week` varchar(5) COLLATE utf8mb4_unicode_ci NOT NULL DEFAULT '0',
  `lone_amount` double(8,2) NOT NULL DEFAULT '0.00',
  `lone_total_amount` double(8,2) NOT NULL DEFAULT '0.00',
  `saving_amount` double(8,2) NOT NULL DEFAULT '0.00',
  `account_type` tinyint(1) NOT NULL DEFAULT '0',
  `status` tinyint(1) NOT NULL DEFAULT '0',
  `created_at` timestamp NULL DEFAULT NULL,
  `updated_at` timestamp NULL DEFAULT NULL,
  PRIMARY KEY (`id`),
  KEY `accounts_user_id_index` (`user_id`),
  CONSTRAINT `accounts_user_id_foreign` FOREIGN KEY (`user_id`) REFERENCES `users` (`id`) ON DELETE CASCADE
) ENGINE=InnoDB DEFAULT CHARSET=utf8mb4 COLLATE=utf8mb4_unicode_ci;

LOCK TABLES `accounts` WRITE;
/*!40000 ALTER TABLE `accounts` DISABLE KEYS */;

INSERT INTO `accounts` (`id`, `user_id`, `date_of_account`, `day`, `month`, `week`, `lone_amount`, `lone_total_amount`, `saving_amount`, `account_type`, `status`, `created_at`, `updated_at`)
VALUES
	(1,1,'2017-10-15','0','12','0',0.00,0.00,3000.00,2,0,'2017-10-31 04:55:44','2017-12-22 03:21:34'),
	(2,2,'2017-10-15','0','12','0',0.00,0.00,3000.00,2,0,'2017-10-31 04:56:16','2017-12-22 03:20:41'),
	(3,3,'2017-10-15','0','12','0',0.00,0.00,3000.00,2,0,'2017-10-31 04:56:50','2017-12-22 03:19:47'),
	(4,4,'2017-10-15','0','12','0',0.00,0.00,3000.00,2,0,'2017-10-31 04:57:26','2017-12-22 03:20:58'),
	(5,5,'2017-10-15','0','12','0',0.00,0.00,3000.00,2,0,'2017-10-31 04:57:52','2017-12-22 03:19:06'),
	(6,6,'2017-10-15','0','12','0',0.00,0.00,3000.00,1,1,'2017-10-31 05:00:24','2017-11-27 09:03:37'),
	(7,7,'2017-10-15','0','12','0',0.00,0.00,3000.00,1,1,'2017-10-31 05:00:47','2017-11-27 09:03:44'),
	(8,8,'2017-10-15','0','12','0',0.00,0.00,3000.00,2,0,'2017-10-31 05:01:31','2017-12-22 03:20:12'),
	(9,9,'2017-10-15','0','12','0',0.00,0.00,3000.00,2,0,'2017-10-31 05:02:01','2017-12-22 03:18:38'),
	(10,13,'2017-11-01','0','12','0',0.00,0.00,3000.00,2,0,'2017-10-31 05:03:00','2017-12-22 03:21:20'),
	(11,10,'2017-10-24','100','0','0',10000.00,10000.00,50.00,0,1,'2017-10-31 05:04:49','2018-01-12 04:58:11'),
	(12,11,'2017-10-24','100','0','0',10000.00,100.00,20.00,0,0,'2017-10-31 05:05:19','2018-01-17 08:04:51'),
	(13,12,'2017-10-30','110','0','0',0.00,0.00,20.00,1,0,'2017-10-31 05:06:05','2017-11-12 05:29:38'),
	(14,14,'2017-11-01','0','12','0',0.00,0.00,3000.00,2,0,'2017-11-01 05:31:33','2017-12-22 03:19:28'),
	(15,10,'2017-11-01','50','0','0',5000.00,5000.00,30.00,0,1,'2017-11-01 22:39:30','2017-12-22 08:35:27'),
	(16,15,'2017-11-01','47','0','0',5000.00,5000.00,20.00,0,1,'2017-11-01 22:49:26','2017-12-30 04:13:07'),
	(17,16,'2017-11-02','110','0','0',0.00,0.00,20.00,1,0,'2017-11-03 00:48:06','2017-11-12 05:30:02'),
	(18,17,'2017-11-10','110','0','0',0.00,0.00,20.00,1,0,'2017-11-11 09:12:24','2017-11-12 05:30:14'),
	(19,18,'2017-11-11','110','0','0',0.00,0.00,20.00,1,0,'2017-11-12 06:53:43','2017-11-12 06:53:43'),
	(20,19,'2017-11-12','100','0','0',10000.00,100.00,30.00,0,0,'2017-11-13 07:16:12','2018-01-17 08:05:36'),
	(21,20,'2017-11-12','110','0','0',0.00,0.00,20.00,1,1,'2017-11-13 07:38:38','2017-12-18 06:06:01'),
	(22,21,'2017-11-12','110','0','0',0.00,0.00,20.00,1,0,'2017-11-13 08:38:11','2017-11-13 08:38:11'),
	(23,22,'2017-11-13','110','0','0',0.00,0.00,20.00,1,0,'2017-11-14 01:29:23','2017-11-14 01:29:23'),
	(24,10,'2017-11-22','100','0','0',10000.00,100.00,50.00,0,0,'2017-11-23 07:25:02','2018-01-17 08:06:20'),
	(25,23,'2017-12-04','110','0','0',0.00,0.00,20.00,1,0,'2017-12-05 07:15:09','2017-12-05 07:15:09'),
	(26,24,'2017-12-21','100','0','0',10000.00,100.00,10.00,0,0,'2017-12-21 21:15:49','2018-01-17 08:07:15'),
	(27,19,'2017-12-22','100','0','0',20000.00,200.00,30.00,0,0,'2017-12-23 06:02:33','2018-01-17 08:05:57'),
	(28,25,'2017-12-20','365','0','0',0.00,0.00,0.00,2,0,'2017-12-24 09:25:31','2017-12-24 09:25:31'),
	(29,26,'2017-12-29','0','12','0',0.00,0.00,3000.00,2,0,'2017-12-30 06:02:14','2017-12-30 06:02:14'),
	(30,27,'2018-01-01','100','0','0',10000.00,100.00,20.00,0,0,'2018-01-01 22:49:28','2018-01-17 08:03:57'),
	(31,11,'2018-01-11','100','0','0',10000.00,100.00,20.00,0,0,'2018-01-12 07:08:38','2018-01-17 08:05:08'),
	(32,10,'2018-01-11','100','0','0',20000.00,100.00,50.00,0,0,'2018-01-12 07:53:35','2018-01-17 08:06:50'),
	(33,28,'2018-01-12','100','0','0',10000.00,100.00,20.00,0,0,'2018-01-13 05:36:49','2018-01-13 05:36:49'),
	(34,29,'2018-01-12','0','12','0',0.00,0.00,3000.00,2,0,'2018-01-13 07:03:50','2018-01-13 07:03:50'),
	(35,1,'2018-01-17','100','0','0',10000.00,100.00,10.00,0,0,'2018-01-17 13:34:57','2018-01-17 13:34:57');

/*!40000 ALTER TABLE `accounts` ENABLE KEYS */;
UNLOCK TABLES;


# Dump of table amounts
# ------------------------------------------------------------

DROP TABLE IF EXISTS `amounts`;

CREATE TABLE `amounts` (
  `id` int(10) unsigned NOT NULL AUTO_INCREMENT,
  `user_id` int(10) NOT NULL,
  `account_id` int(10) unsigned NOT NULL,
  `amount_date` date NOT NULL,
  `saving_amount` double(8,2) NOT NULL DEFAULT '0.00',
  `lone_amount` double(8,2) NOT NULL DEFAULT '0.00',
  `elevation_amount` double(8,2) NOT NULL DEFAULT '0.00',
  `bonus_amount` double(8,2) NOT NULL DEFAULT '0.00',
  `created_at` timestamp NULL DEFAULT NULL,
  `updated_at` timestamp NULL DEFAULT NULL,
  PRIMARY KEY (`id`),
  KEY `amounts_account_id_index` (`account_id`),
  CONSTRAINT `amounts_account_id_foreign` FOREIGN KEY (`account_id`) REFERENCES `accounts` (`id`) ON DELETE CASCADE
) ENGINE=InnoDB DEFAULT CHARSET=utf8mb4 COLLATE=utf8mb4_unicode_ci;

LOCK TABLES `amounts` WRITE;
/*!40000 ALTER TABLE `amounts` DISABLE KEYS */;

INSERT INTO `amounts` (`id`, `user_id`, `account_id`, `amount_date`, `saving_amount`, `lone_amount`, `elevation_amount`, `bonus_amount`, `created_at`, `updated_at`)
VALUES
	(1,1,3,'2017-10-22',3000.00,0.00,0.00,76.00,'2017-10-31 05:07:14','2017-12-24 09:28:00'),
	(2,1,4,'2017-10-22',3000.00,0.00,0.00,0.00,'2017-10-31 05:07:45','2017-10-31 05:07:45'),
	(3,1,5,'2017-10-22',3000.00,0.00,0.00,76.00,'2017-10-31 05:08:11','2017-12-24 09:27:11'),
	(4,1,6,'2017-10-22',3000.00,0.00,0.00,0.00,'2017-10-31 05:08:26','2017-10-31 05:08:26'),
	(5,1,7,'2017-10-22',3000.00,0.00,0.00,0.00,'2017-10-31 05:08:38','2017-10-31 05:08:38'),
	(6,1,8,'2017-10-23',3000.00,0.00,0.00,0.00,'2017-10-31 05:08:58','2017-10-31 05:08:58'),
	(7,1,9,'2017-10-23',3000.00,0.00,0.00,0.00,'2017-10-31 05:09:22','2017-10-31 05:09:22'),
	(8,1,12,'2017-10-24',20.00,100.00,0.00,0.00,'2017-10-31 05:19:55','2017-10-31 05:19:55'),
	(9,1,12,'2017-10-25',20.00,100.00,0.00,0.00,'2017-10-31 05:19:55','2017-10-31 05:19:55'),
	(10,1,12,'2017-10-26',20.00,100.00,0.00,0.00,'2017-10-31 05:19:55','2017-10-31 05:19:55'),
	(11,1,12,'2017-10-27',20.00,100.00,0.00,0.00,'2017-10-31 05:19:55','2017-10-31 05:19:55'),
	(12,1,12,'2017-10-28',20.00,100.00,0.00,0.00,'2017-10-31 05:19:55','2017-10-31 05:19:55'),
	(13,1,12,'2017-10-29',20.00,100.00,0.00,0.00,'2017-10-31 05:19:55','2017-10-31 05:19:55'),
	(14,1,12,'2017-10-30',20.00,100.00,0.00,0.00,'2017-10-31 05:19:55','2017-10-31 05:19:55'),
	(15,1,11,'2017-10-24',50.00,100.00,0.00,0.00,'2017-10-31 05:21:12','2018-01-20 16:05:48'),
	(16,1,11,'2017-10-25',50.00,100.00,0.00,0.00,'2017-10-31 05:21:12','2018-01-20 13:56:16'),
	(17,1,11,'2017-10-26',50.00,100.00,0.00,0.00,'2017-10-31 05:21:12','2017-10-31 05:21:12'),
	(18,1,11,'2017-10-27',50.00,100.00,0.00,0.00,'2017-10-31 05:21:12','2018-01-20 11:53:57'),
	(19,1,11,'2017-10-28',50.00,100.00,0.00,0.00,'2017-10-31 05:21:12','2018-01-20 16:05:52'),
	(20,4,11,'2017-10-29',50.00,100.00,0.00,0.00,'2017-10-31 05:21:12','2017-10-31 05:21:12'),
	(21,1,11,'2017-10-30',50.00,100.00,0.00,0.00,'2017-10-31 05:21:12','2018-01-20 11:13:02'),
	(22,5,11,'2017-10-31',50.00,100.00,0.00,0.00,'2017-11-01 01:45:22','2017-11-01 01:45:22'),
	(23,1,12,'2017-10-31',20.00,100.00,0.00,0.00,'2017-11-01 01:45:35','2017-11-01 01:45:35'),
	(24,6,1,'2017-11-01',3000.00,0.00,0.00,25.00,'2017-11-01 04:03:11','2017-12-24 09:28:48'),
	(25,1,13,'2017-11-01',20.00,0.00,0.00,0.00,'2017-11-02 00:09:58','2017-11-02 00:09:58'),
	(26,1,11,'2017-11-01',50.00,100.00,0.00,0.00,'2017-11-02 00:10:45','2017-11-02 00:10:45'),
	(27,1,12,'2017-11-01',20.00,100.00,0.00,0.00,'2017-11-02 00:11:07','2017-11-02 00:11:07'),
	(28,1,13,'2017-11-02',20.00,0.00,0.00,0.00,'2017-11-03 01:10:46','2017-11-03 01:10:46'),
	(29,7,13,'2017-11-03',20.00,0.00,0.00,0.00,'2017-11-03 01:10:46','2017-11-03 01:10:46'),
	(30,1,17,'2017-11-02',20.00,0.00,0.00,0.00,'2017-11-03 01:11:16','2017-11-03 01:11:16'),
	(31,1,17,'2017-11-03',20.00,0.00,0.00,0.00,'2017-11-03 01:11:16','2017-11-03 01:11:16'),
	(32,1,17,'2017-11-04',20.00,0.00,0.00,0.00,'2017-11-03 01:11:16','2017-11-03 01:11:16'),
	(33,1,17,'2017-11-05',20.00,0.00,0.00,0.00,'2017-11-03 01:11:16','2017-11-03 01:11:16'),
	(34,1,17,'2017-11-06',20.00,0.00,0.00,0.00,'2017-11-03 01:11:16','2017-11-03 01:11:16'),
	(35,1,17,'2017-11-07',20.00,0.00,0.00,0.00,'2017-11-03 01:11:16','2017-11-03 01:11:16'),
	(36,1,17,'2017-11-08',20.00,0.00,0.00,0.00,'2017-11-03 01:11:16','2017-11-03 01:11:16'),
	(37,1,11,'2017-11-02',50.00,100.00,0.00,0.00,'2017-11-03 01:12:10','2017-11-03 01:12:10'),
	(38,1,12,'2017-11-02',20.00,100.00,0.00,0.00,'2017-11-03 01:12:22','2017-11-03 01:12:22'),
	(39,1,15,'2017-11-02',30.00,100.00,0.00,0.00,'2017-11-03 01:12:33','2017-11-03 01:12:33'),
	(40,1,16,'2017-11-02',100.00,0.00,0.00,0.00,'2017-11-03 01:12:54','2017-11-03 01:12:54'),
	(41,1,10,'2017-11-03',3000.00,0.00,0.00,25.00,'2017-11-04 00:49:34','2017-12-24 09:28:32'),
	(42,1,11,'2017-11-03',50.00,100.00,0.00,0.00,'2017-11-05 07:01:14','2017-11-05 07:01:14'),
	(43,1,11,'2017-11-04',50.00,100.00,0.00,0.00,'2017-11-05 07:01:14','2017-11-05 07:01:14'),
	(44,1,12,'2017-11-03',20.00,100.00,0.00,0.00,'2017-11-05 07:03:11','2017-11-05 07:03:11'),
	(45,1,12,'2017-11-04',20.00,100.00,0.00,0.00,'2017-11-05 07:03:11','2017-11-05 07:03:11'),
	(46,1,15,'2017-11-03',30.00,100.00,0.00,0.00,'2017-11-05 07:04:48','2017-11-05 07:04:48'),
	(47,1,15,'2017-11-04',30.00,100.00,0.00,0.00,'2017-11-05 07:04:48','2017-11-05 07:04:48'),
	(48,1,16,'2017-11-03',100.00,0.00,0.00,0.00,'2017-11-05 07:06:05','2017-11-05 07:16:51'),
	(49,1,13,'2017-11-04',20.00,0.00,0.00,0.00,'2017-11-05 07:07:39','2017-11-05 07:07:39'),
	(50,1,13,'2017-11-05',20.00,0.00,0.00,0.00,'2017-11-05 07:07:39','2017-11-05 07:07:39'),
	(51,1,17,'2017-11-09',20.00,0.00,0.00,0.00,'2017-11-05 07:10:22','2017-11-05 07:10:22'),
	(52,1,17,'2017-11-10',20.00,0.00,0.00,0.00,'2017-11-05 07:10:22','2017-11-05 07:10:22'),
	(53,1,17,'2017-11-11',20.00,0.00,0.00,0.00,'2017-11-05 07:10:22','2017-11-05 07:10:22'),
	(54,1,17,'2017-11-12',20.00,0.00,0.00,0.00,'2017-11-05 07:10:22','2017-11-05 07:10:22'),
	(55,1,17,'2017-11-13',20.00,0.00,0.00,0.00,'2017-11-05 07:10:22','2017-11-05 07:10:22'),
	(56,1,17,'2017-11-14',20.00,0.00,0.00,0.00,'2017-11-05 07:10:22','2017-11-05 07:10:22'),
	(57,1,11,'2017-11-05',50.00,100.00,0.00,0.00,'2017-11-06 08:10:23','2017-11-06 08:10:23'),
	(58,1,12,'2017-11-05',20.00,100.00,0.00,0.00,'2017-11-06 08:11:55','2017-11-06 08:11:55'),
	(59,1,16,'2017-11-04',100.00,0.00,0.00,0.00,'2017-11-06 08:13:29','2017-11-06 08:19:43'),
	(60,1,16,'2017-11-05',100.00,0.00,0.00,0.00,'2017-11-06 08:13:29','2017-11-06 08:13:29'),
	(61,1,15,'2017-11-05',30.00,100.00,0.00,0.00,'2017-11-06 08:27:03','2017-11-06 08:27:03'),
	(62,1,16,'2017-11-06',100.00,0.00,0.00,0.00,'2017-11-07 06:34:50','2017-11-07 06:34:50'),
	(63,1,11,'2017-11-06',50.00,100.00,0.00,0.00,'2017-11-07 07:51:02','2017-11-07 07:51:02'),
	(64,1,12,'2017-11-06',20.00,100.00,0.00,0.00,'2017-11-07 07:51:19','2017-11-07 07:51:19'),
	(65,1,15,'2017-11-06',30.00,100.00,0.00,0.00,'2017-11-07 07:51:43','2017-11-07 07:51:43'),
	(66,1,16,'2017-11-07',20.00,100.00,0.00,0.00,'2017-11-08 07:46:14','2017-11-08 07:46:14'),
	(67,1,11,'2017-11-07',50.00,100.00,0.00,0.00,'2017-11-08 07:46:24','2017-11-08 07:46:24'),
	(68,1,12,'2017-11-07',20.00,100.00,0.00,0.00,'2017-11-08 07:46:32','2017-11-08 07:46:32'),
	(69,1,15,'2017-11-07',30.00,100.00,0.00,0.00,'2017-11-08 07:46:42','2017-11-08 07:46:42'),
	(70,1,11,'2017-11-08',50.00,100.00,0.00,0.00,'2017-11-09 06:55:39','2017-11-09 06:55:39'),
	(71,1,12,'2017-11-08',20.00,100.00,0.00,0.00,'2017-11-09 06:55:49','2017-11-09 06:55:49'),
	(72,1,15,'2017-11-08',30.00,100.00,0.00,0.00,'2017-11-09 06:56:00','2017-11-09 06:56:00'),
	(73,1,16,'2017-11-08',20.00,100.00,0.00,0.00,'2017-11-09 08:01:12','2017-11-09 08:01:12'),
	(74,1,11,'2017-11-09',50.00,100.00,0.00,0.00,'2017-11-10 07:34:47','2017-11-10 07:34:47'),
	(75,1,12,'2017-11-09',20.00,100.00,0.00,0.00,'2017-11-10 07:34:58','2017-11-10 07:34:58'),
	(76,1,15,'2017-11-09',30.00,100.00,0.00,0.00,'2017-11-10 07:35:11','2017-11-10 07:35:11'),
	(77,1,16,'2017-11-09',20.00,100.00,0.00,0.00,'2017-11-10 07:35:22','2017-11-10 07:35:22'),
	(78,1,11,'2017-11-10',50.00,100.00,0.00,0.00,'2017-11-11 07:58:46','2017-11-11 07:58:46'),
	(79,1,12,'2017-11-10',20.00,100.00,0.00,0.00,'2017-11-11 07:58:55','2017-11-11 07:58:55'),
	(80,1,15,'2017-11-10',30.00,100.00,0.00,0.00,'2017-11-11 07:59:05','2017-11-11 07:59:05'),
	(81,1,16,'2017-11-10',20.00,100.00,0.00,0.00,'2017-11-11 07:59:14','2017-11-11 07:59:14'),
	(82,1,18,'2017-11-10',20.00,0.00,0.00,0.00,'2017-11-11 09:14:26','2017-11-11 09:14:26'),
	(83,1,18,'2017-11-11',20.00,0.00,0.00,0.00,'2017-11-11 09:14:26','2017-11-11 09:14:26'),
	(84,1,18,'2017-11-12',20.00,0.00,0.00,0.00,'2017-11-11 09:14:26','2017-11-11 09:14:26'),
	(85,1,18,'2017-11-13',20.00,0.00,0.00,0.00,'2017-11-11 09:14:26','2017-11-11 09:14:26'),
	(86,1,18,'2017-11-14',20.00,0.00,0.00,0.00,'2017-11-11 09:14:26','2017-11-11 09:14:26'),
	(87,1,18,'2017-11-15',20.00,0.00,0.00,0.00,'2017-11-11 09:14:26','2017-11-11 09:14:26'),
	(88,1,18,'2017-11-16',20.00,0.00,0.00,0.00,'2017-11-11 09:14:26','2017-11-11 09:14:26'),
	(89,1,18,'2017-11-17',20.00,0.00,0.00,0.00,'2017-11-12 05:33:40','2017-11-12 05:33:40'),
	(90,1,18,'2017-11-18',20.00,0.00,0.00,0.00,'2017-11-12 05:33:40','2017-11-12 05:33:40'),
	(91,1,18,'2017-11-19',20.00,0.00,0.00,0.00,'2017-11-12 05:33:40','2017-11-12 05:33:40'),
	(92,1,18,'2017-11-20',20.00,0.00,0.00,0.00,'2017-11-12 05:33:40','2017-11-12 05:33:40'),
	(93,1,18,'2017-11-21',20.00,0.00,0.00,0.00,'2017-11-12 05:33:40','2017-11-12 05:33:40'),
	(94,1,11,'2017-11-11',50.00,100.00,0.00,0.00,'2017-11-12 06:23:55','2017-11-12 06:23:55'),
	(95,1,12,'2017-11-11',20.00,100.00,0.00,0.00,'2017-11-12 06:26:33','2017-11-12 06:26:33'),
	(96,1,15,'2017-11-11',30.00,100.00,0.00,0.00,'2017-11-12 06:27:26','2017-11-12 06:27:26'),
	(97,1,16,'2017-11-11',20.00,100.00,0.00,0.00,'2017-11-12 06:28:20','2017-11-12 06:28:20'),
	(98,1,5,'2017-11-11',3000.00,0.00,0.00,50.00,'2017-11-12 06:32:13','2017-12-24 09:26:53'),
	(99,1,19,'2017-11-11',20.00,0.00,0.00,0.00,'2017-11-12 06:55:06','2017-11-12 06:55:06'),
	(100,1,19,'2017-11-12',20.00,0.00,0.00,0.00,'2017-11-12 06:55:06','2017-11-12 06:55:06'),
	(101,1,19,'2017-11-13',20.00,0.00,0.00,0.00,'2017-11-12 06:55:06','2017-11-12 06:55:06'),
	(102,1,19,'2017-11-14',20.00,0.00,0.00,0.00,'2017-11-12 06:55:06','2017-11-12 06:55:06'),
	(103,1,19,'2017-11-15',20.00,0.00,0.00,0.00,'2017-11-12 06:55:06','2017-11-12 06:55:06'),
	(104,1,19,'2017-11-16',20.00,0.00,0.00,0.00,'2017-11-12 06:55:06','2017-11-12 06:55:06'),
	(105,1,19,'2017-11-17',20.00,0.00,0.00,0.00,'2017-11-12 06:55:06','2017-11-12 06:55:06'),
	(106,1,19,'2017-11-18',20.00,0.00,0.00,0.00,'2017-11-12 06:55:06','2017-11-12 06:55:06'),
	(107,1,19,'2017-11-19',20.00,0.00,0.00,0.00,'2017-11-12 06:55:06','2017-11-12 06:55:06'),
	(108,1,19,'2017-11-20',20.00,0.00,0.00,0.00,'2017-11-12 06:55:06','2017-11-12 06:55:06'),
	(109,1,19,'2017-11-21',20.00,0.00,0.00,0.00,'2017-11-12 06:55:06','2017-11-12 06:55:06'),
	(110,1,19,'2017-11-22',20.00,0.00,0.00,0.00,'2017-11-12 06:55:06','2017-11-12 06:55:06'),
	(111,1,19,'2017-11-23',20.00,0.00,0.00,0.00,'2017-11-12 06:55:06','2017-11-12 06:55:06'),
	(112,1,19,'2017-11-24',20.00,0.00,0.00,0.00,'2017-11-12 06:55:06','2017-11-12 06:55:06'),
	(113,1,16,'2017-11-12',20.00,100.00,0.00,0.00,'2017-11-13 07:24:42','2017-11-13 07:24:42'),
	(114,1,12,'2017-11-12',20.00,100.00,0.00,0.00,'2017-11-13 07:25:14','2017-11-13 07:25:14'),
	(115,1,11,'2017-11-12',50.00,100.00,0.00,0.00,'2017-11-13 07:25:27','2017-11-13 07:25:27'),
	(116,1,15,'2017-11-12',30.00,100.00,0.00,0.00,'2017-11-13 07:25:36','2017-11-13 07:25:36'),
	(117,1,13,'2017-11-06',20.00,0.00,0.00,0.00,'2017-11-13 07:28:30','2017-11-13 07:28:30'),
	(118,1,21,'2017-11-12',20.00,0.00,0.00,0.00,'2017-11-13 07:39:04','2017-11-13 08:31:33'),
	(119,1,19,'2017-11-25',20.00,0.00,0.00,0.00,'2017-11-13 08:06:12','2017-11-13 08:06:12'),
	(120,1,19,'2017-11-26',20.00,0.00,0.00,0.00,'2017-11-13 08:06:12','2017-11-13 08:06:12'),
	(121,1,19,'2017-11-27',20.00,0.00,0.00,0.00,'2017-11-13 08:06:12','2017-11-13 08:06:12'),
	(122,1,19,'2017-11-28',20.00,0.00,0.00,0.00,'2017-11-13 08:06:12','2017-11-13 08:06:12'),
	(123,1,19,'2017-11-29',20.00,0.00,0.00,0.00,'2017-11-13 08:06:12','2017-11-13 08:06:12'),
	(124,1,19,'2017-11-30',20.00,0.00,0.00,0.00,'2017-11-13 08:06:12','2017-11-13 08:06:12'),
	(125,1,19,'2017-12-01',20.00,0.00,0.00,0.00,'2017-11-13 08:06:12','2017-11-13 08:06:12'),
	(126,1,19,'2017-12-02',20.00,0.00,0.00,0.00,'2017-11-13 08:06:12','2017-11-13 08:06:12'),
	(127,1,19,'2017-12-03',20.00,0.00,0.00,0.00,'2017-11-13 08:06:12','2017-11-13 08:06:12'),
	(128,1,19,'2017-12-04',20.00,0.00,0.00,0.00,'2017-11-13 08:06:12','2017-11-13 08:06:12'),
	(129,1,19,'2017-12-05',20.00,0.00,0.00,0.00,'2017-11-13 08:06:12','2017-11-13 08:06:12'),
	(130,1,19,'2017-12-06',20.00,0.00,0.00,0.00,'2017-11-13 08:06:12','2017-11-13 08:06:12'),
	(131,1,19,'2017-12-07',20.00,0.00,0.00,0.00,'2017-11-13 08:06:12','2017-11-13 08:06:12'),
	(132,1,19,'2017-12-08',20.00,0.00,0.00,0.00,'2017-11-13 08:06:12','2017-11-13 08:06:12'),
	(133,1,19,'2017-12-09',20.00,0.00,0.00,0.00,'2017-11-13 08:06:12','2017-11-13 08:06:12'),
	(134,1,19,'2017-12-10',20.00,0.00,0.00,0.00,'2017-11-13 08:06:12','2017-11-13 08:06:12'),
	(135,1,19,'2017-12-11',20.00,0.00,0.00,0.00,'2017-11-13 08:06:12','2017-11-13 08:06:12'),
	(136,1,19,'2017-12-12',20.00,0.00,0.00,0.00,'2017-11-13 08:06:12','2017-11-13 08:06:12'),
	(137,1,19,'2017-12-13',20.00,0.00,0.00,0.00,'2017-11-13 08:06:12','2017-11-13 08:06:12'),
	(138,1,19,'2017-12-14',20.00,0.00,0.00,0.00,'2017-11-13 08:06:12','2017-11-13 08:06:12'),
	(139,1,19,'2017-12-15',20.00,0.00,0.00,0.00,'2017-11-13 08:06:12','2017-11-13 08:06:12'),
	(140,1,19,'2017-12-16',20.00,0.00,0.00,0.00,'2017-11-13 08:06:12','2017-11-13 08:06:12'),
	(141,1,19,'2017-12-17',20.00,0.00,0.00,0.00,'2017-11-13 08:06:12','2017-11-13 08:06:12'),
	(142,1,19,'2017-12-18',20.00,0.00,0.00,0.00,'2017-11-13 08:06:12','2017-11-13 08:06:12'),
	(143,1,19,'2017-12-19',20.00,0.00,0.00,0.00,'2017-11-13 08:06:12','2017-11-13 08:06:12'),
	(144,1,21,'2017-11-13',20.00,0.00,0.00,0.00,'2017-11-13 08:31:50','2017-11-13 08:31:50'),
	(145,1,21,'2017-11-14',20.00,0.00,0.00,0.00,'2017-11-13 08:31:50','2017-11-13 08:31:50'),
	(146,1,21,'2017-11-15',20.00,0.00,0.00,0.00,'2017-11-13 08:31:50','2017-11-13 08:31:50'),
	(147,1,21,'2017-11-16',20.00,0.00,0.00,0.00,'2017-11-13 08:31:50','2017-11-13 08:31:50'),
	(148,1,17,'2017-11-15',20.00,0.00,0.00,0.00,'2017-11-13 08:34:50','2017-11-13 08:34:50'),
	(149,1,17,'2017-11-16',20.00,0.00,0.00,0.00,'2017-11-13 08:34:50','2017-11-13 08:34:50'),
	(150,1,17,'2017-11-17',20.00,0.00,0.00,0.00,'2017-11-13 08:34:50','2017-11-13 08:34:50'),
	(151,1,17,'2017-11-18',20.00,0.00,0.00,0.00,'2017-11-13 08:34:50','2017-11-13 08:34:50'),
	(152,1,17,'2017-11-19',20.00,0.00,0.00,0.00,'2017-11-13 08:34:50','2017-11-13 08:34:50'),
	(153,1,17,'2017-11-20',20.00,0.00,0.00,0.00,'2017-11-13 08:34:50','2017-11-13 08:34:50'),
	(154,1,17,'2017-11-21',20.00,0.00,0.00,0.00,'2017-11-13 08:34:50','2017-11-13 08:34:50'),
	(155,1,17,'2017-11-22',20.00,0.00,0.00,0.00,'2017-11-13 08:34:50','2017-11-13 08:34:50'),
	(156,1,17,'2017-11-23',20.00,0.00,0.00,0.00,'2017-11-13 08:34:50','2017-11-13 08:34:50'),
	(157,1,17,'2017-11-24',20.00,0.00,0.00,0.00,'2017-11-13 08:34:50','2017-11-13 08:34:50'),
	(158,1,17,'2017-11-25',20.00,0.00,0.00,0.00,'2017-11-13 08:34:50','2017-11-13 08:34:50'),
	(159,1,17,'2017-11-26',20.00,0.00,0.00,0.00,'2017-11-13 08:34:50','2017-11-13 08:34:50'),
	(160,1,22,'2017-11-12',20.00,0.00,0.00,0.00,'2017-11-13 08:38:30','2017-11-13 08:38:30'),
	(161,1,22,'2017-11-13',20.00,0.00,0.00,0.00,'2017-11-13 08:38:30','2017-11-13 08:38:30'),
	(162,1,23,'2017-11-13',20.00,0.00,0.00,0.00,'2017-11-14 01:30:18','2017-11-14 01:30:18'),
	(163,1,23,'2017-11-14',20.00,0.00,0.00,0.00,'2017-11-14 01:30:18','2017-11-14 01:30:18'),
	(164,1,23,'2017-11-15',20.00,0.00,0.00,0.00,'2017-11-14 01:30:18','2017-11-14 01:30:18'),
	(165,1,23,'2017-11-16',20.00,0.00,0.00,0.00,'2017-11-14 01:30:18','2017-11-14 01:30:18'),
	(166,1,23,'2017-11-17',20.00,0.00,0.00,0.00,'2017-11-14 01:30:18','2017-11-14 01:30:18'),
	(167,1,23,'2017-11-18',20.00,0.00,0.00,0.00,'2017-11-14 01:30:18','2017-11-14 01:30:18'),
	(168,1,23,'2017-11-19',20.00,0.00,0.00,0.00,'2017-11-14 01:30:18','2017-11-14 01:30:18'),
	(169,1,23,'2017-11-20',20.00,0.00,0.00,0.00,'2017-11-14 01:30:18','2017-11-14 01:30:18'),
	(170,1,23,'2017-11-21',20.00,0.00,0.00,0.00,'2017-11-14 01:30:18','2017-11-14 01:30:18'),
	(171,1,23,'2017-11-22',20.00,0.00,0.00,0.00,'2017-11-14 01:30:18','2017-11-14 01:30:18'),
	(172,1,13,'2017-11-07',20.00,0.00,0.00,0.00,'2017-11-15 08:12:07','2017-11-15 08:12:07'),
	(173,1,13,'2017-11-08',20.00,0.00,0.00,0.00,'2017-11-15 08:12:07','2017-11-15 08:12:07'),
	(174,1,13,'2017-11-09',20.00,0.00,0.00,0.00,'2017-11-15 08:12:07','2017-11-15 08:12:07'),
	(175,1,13,'2017-11-10',20.00,0.00,0.00,0.00,'2017-11-15 08:12:07','2017-11-15 08:12:07'),
	(176,1,13,'2017-11-11',20.00,0.00,0.00,0.00,'2017-11-15 08:12:07','2017-11-15 08:12:07'),
	(177,1,13,'2017-11-12',20.00,0.00,0.00,0.00,'2017-11-15 08:12:07','2017-11-15 08:12:07'),
	(178,1,13,'2017-11-13',20.00,0.00,0.00,0.00,'2017-11-15 08:12:07','2017-11-15 08:12:07'),
	(179,1,13,'2017-11-14',20.00,0.00,0.00,0.00,'2017-11-15 08:12:07','2017-11-15 08:12:07'),
	(180,1,13,'2017-11-15',20.00,0.00,0.00,0.00,'2017-11-15 08:12:07','2017-11-15 08:12:07'),
	(181,1,13,'2017-11-16',20.00,0.00,0.00,0.00,'2017-11-15 08:12:07','2017-11-15 08:12:07'),
	(182,1,13,'2017-11-17',20.00,0.00,0.00,0.00,'2017-11-15 08:12:07','2017-11-15 08:12:07'),
	(183,1,13,'2017-11-18',20.00,0.00,0.00,0.00,'2017-11-15 08:12:07','2017-11-15 08:12:07'),
	(184,1,13,'2017-11-19',20.00,0.00,0.00,0.00,'2017-11-15 08:12:44','2017-11-15 08:12:44'),
	(185,1,13,'2017-11-20',20.00,0.00,0.00,0.00,'2017-11-15 08:12:44','2017-11-15 08:12:44'),
	(186,1,13,'2017-11-21',20.00,0.00,0.00,0.00,'2017-11-15 08:12:44','2017-11-15 08:12:44'),
	(187,1,13,'2017-11-22',20.00,0.00,0.00,0.00,'2017-11-15 08:12:44','2017-11-15 08:12:44'),
	(188,1,13,'2017-11-23',20.00,0.00,0.00,0.00,'2017-11-15 08:12:44','2017-11-15 08:12:44'),
	(189,1,13,'2017-11-24',20.00,0.00,0.00,0.00,'2017-11-15 08:12:44','2017-11-15 08:12:44'),
	(192,1,17,'2017-11-27',20.00,0.00,0.00,0.00,'2017-11-15 08:14:30','2017-11-15 08:14:30'),
	(193,1,17,'2017-11-28',20.00,0.00,0.00,0.00,'2017-11-15 08:14:30','2017-11-15 08:14:30'),
	(194,1,17,'2017-11-29',20.00,0.00,0.00,0.00,'2017-11-15 08:14:30','2017-11-15 08:14:30'),
	(195,1,11,'2017-11-13',50.00,100.00,0.00,0.00,'2017-11-15 08:15:17','2017-11-15 08:15:17'),
	(196,1,11,'2017-11-14',50.00,100.00,0.00,0.00,'2017-11-15 08:15:17','2017-11-15 08:15:17'),
	(197,1,12,'2017-11-13',20.00,100.00,0.00,0.00,'2017-11-15 08:16:02','2017-11-15 08:16:02'),
	(198,1,12,'2017-11-14',20.00,100.00,0.00,0.00,'2017-11-15 08:16:02','2017-11-15 08:16:02'),
	(199,1,15,'2017-11-13',30.00,100.00,0.00,0.00,'2017-11-15 08:16:51','2017-11-15 08:16:51'),
	(200,1,15,'2017-11-14',30.00,100.00,0.00,0.00,'2017-11-15 08:16:51','2017-11-15 08:16:51'),
	(201,1,22,'2017-11-14',20.00,0.00,0.00,0.00,'2017-11-15 08:17:50','2017-11-15 08:17:50'),
	(202,1,22,'2017-11-15',20.00,0.00,0.00,0.00,'2017-11-15 08:17:50','2017-11-15 08:17:50'),
	(203,1,22,'2017-11-16',20.00,0.00,0.00,0.00,'2017-11-15 08:17:50','2017-11-15 08:17:50'),
	(204,1,22,'2017-11-17',20.00,0.00,0.00,0.00,'2017-11-15 08:17:50','2017-11-15 08:17:50'),
	(205,1,22,'2017-11-18',20.00,0.00,0.00,0.00,'2017-11-15 08:17:50','2017-11-15 08:17:50'),
	(206,1,20,'2017-11-14',30.00,100.00,0.00,0.00,'2017-11-15 08:20:41','2017-11-15 08:20:41'),
	(207,1,16,'2017-11-13',20.00,100.00,0.00,0.00,'2017-11-15 08:21:31','2017-11-15 08:21:31'),
	(208,1,16,'2017-11-14',20.00,100.00,0.00,0.00,'2017-11-15 08:21:31','2017-11-15 08:21:31'),
	(209,1,18,'2017-11-22',20.00,0.00,0.00,0.00,'2017-11-19 23:58:09','2017-11-19 23:58:09'),
	(210,1,18,'2017-11-23',20.00,0.00,0.00,0.00,'2017-11-19 23:58:09','2017-11-19 23:58:09'),
	(211,1,18,'2017-11-24',20.00,0.00,0.00,0.00,'2017-11-19 23:58:09','2017-11-19 23:58:09'),
	(212,1,18,'2017-11-25',20.00,0.00,0.00,0.00,'2017-11-19 23:58:09','2017-11-19 23:58:09'),
	(213,1,18,'2017-11-26',20.00,0.00,0.00,0.00,'2017-11-19 23:58:09','2017-11-19 23:58:09'),
	(214,1,18,'2017-11-27',20.00,0.00,0.00,0.00,'2017-11-19 23:58:09','2017-11-19 23:58:09'),
	(215,1,18,'2017-11-28',20.00,0.00,0.00,0.00,'2017-11-19 23:58:09','2017-11-19 23:58:09'),
	(216,1,18,'2017-11-29',20.00,0.00,0.00,0.00,'2017-11-19 23:58:09','2017-11-19 23:58:09'),
	(217,1,3,'2017-11-19',3000.00,0.00,0.00,50.00,'2017-11-20 05:39:34','2017-12-24 09:27:52'),
	(218,1,13,'2017-11-25',20.00,0.00,0.00,0.00,'2017-11-20 07:22:02','2017-11-20 07:22:02'),
	(219,1,13,'2017-11-26',20.00,0.00,0.00,0.00,'2017-11-20 07:22:02','2017-11-20 07:22:02'),
	(220,1,13,'2017-11-27',20.00,0.00,0.00,0.00,'2017-11-20 07:22:02','2017-11-20 07:22:02'),
	(221,1,13,'2017-11-28',20.00,0.00,0.00,0.00,'2017-11-20 07:22:02','2017-11-20 07:22:02'),
	(222,1,13,'2017-11-29',20.00,0.00,0.00,0.00,'2017-11-20 07:22:02','2017-11-20 07:22:02'),
	(223,1,11,'2017-11-15',50.00,100.00,0.00,0.00,'2017-11-20 07:27:21','2017-11-20 07:27:21'),
	(224,1,11,'2017-11-16',50.00,100.00,0.00,0.00,'2017-11-20 07:27:21','2017-11-20 07:27:21'),
	(225,1,11,'2017-11-17',50.00,100.00,0.00,0.00,'2017-11-20 07:27:21','2017-11-20 07:27:21'),
	(226,1,11,'2017-11-18',50.00,100.00,0.00,0.00,'2017-11-20 07:27:21','2017-11-20 07:27:21'),
	(227,1,11,'2017-11-19',50.00,100.00,0.00,0.00,'2017-11-20 07:27:21','2017-11-20 07:27:21'),
	(228,1,12,'2017-11-15',20.00,100.00,0.00,0.00,'2017-11-20 07:31:19','2017-11-20 07:31:19'),
	(229,1,12,'2017-11-16',20.00,100.00,0.00,0.00,'2017-11-20 07:31:19','2017-11-20 07:31:19'),
	(230,1,12,'2017-11-17',20.00,100.00,0.00,0.00,'2017-11-20 07:31:19','2017-11-20 07:31:19'),
	(231,1,12,'2017-11-18',20.00,100.00,0.00,0.00,'2017-11-20 07:31:19','2017-11-20 07:31:19'),
	(232,1,12,'2017-11-19',20.00,100.00,0.00,0.00,'2017-11-20 07:31:19','2017-11-20 07:31:19'),
	(233,1,15,'2017-11-15',30.00,100.00,0.00,0.00,'2017-11-20 07:35:19','2017-11-20 07:35:19'),
	(234,1,15,'2017-11-16',30.00,100.00,0.00,0.00,'2017-11-20 07:35:19','2017-11-20 07:35:19'),
	(235,1,15,'2017-11-17',30.00,100.00,0.00,0.00,'2017-11-20 07:35:19','2017-11-20 07:35:19'),
	(236,1,15,'2017-11-18',30.00,100.00,0.00,0.00,'2017-11-20 07:35:19','2017-11-20 07:35:19'),
	(237,1,15,'2017-11-19',30.00,100.00,0.00,0.00,'2017-11-20 07:35:19','2017-11-20 07:35:19'),
	(238,1,16,'2017-11-15',20.00,100.00,0.00,0.00,'2017-11-20 07:38:44','2017-11-20 07:38:44'),
	(239,1,16,'2017-11-16',20.00,100.00,0.00,0.00,'2017-11-20 07:38:44','2017-11-20 07:38:44'),
	(240,1,16,'2017-11-17',20.00,100.00,0.00,0.00,'2017-11-20 07:38:44','2017-11-20 07:38:44'),
	(241,1,20,'2017-11-15',30.00,100.00,0.00,0.00,'2017-11-20 07:43:13','2017-11-20 07:43:13'),
	(242,1,20,'2017-11-16',30.00,100.00,0.00,0.00,'2017-11-20 07:43:13','2017-11-20 07:43:13'),
	(243,1,20,'2017-11-17',30.00,100.00,0.00,0.00,'2017-11-20 07:43:13','2017-11-20 07:43:13'),
	(244,1,20,'2017-11-18',30.00,100.00,0.00,0.00,'2017-11-20 07:43:13','2017-11-20 07:43:13'),
	(245,1,20,'2017-11-19',30.00,100.00,0.00,0.00,'2017-11-20 07:43:13','2017-11-20 07:43:13'),
	(246,1,23,'2017-11-23',20.00,0.00,0.00,0.00,'2017-11-23 04:54:13','2017-11-23 04:54:13'),
	(247,1,23,'2017-11-24',20.00,0.00,0.00,0.00,'2017-11-23 04:54:13','2017-11-23 04:54:13'),
	(248,1,23,'2017-11-25',20.00,0.00,0.00,0.00,'2017-11-23 04:54:13','2017-11-23 04:54:13'),
	(249,1,23,'2017-11-26',20.00,0.00,0.00,0.00,'2017-11-23 04:54:13','2017-11-23 04:54:13'),
	(250,1,23,'2017-11-27',20.00,0.00,0.00,0.00,'2017-11-23 04:54:13','2017-11-23 04:54:13'),
	(251,1,23,'2017-11-28',20.00,0.00,0.00,0.00,'2017-11-23 04:54:13','2017-11-23 04:54:13'),
	(252,1,23,'2017-11-29',20.00,0.00,0.00,0.00,'2017-11-23 04:54:13','2017-11-23 04:54:13'),
	(253,1,23,'2017-11-30',20.00,0.00,0.00,0.00,'2017-11-23 04:54:13','2017-11-23 04:54:13'),
	(254,1,23,'2017-12-01',20.00,0.00,0.00,0.00,'2017-11-23 04:54:13','2017-11-23 04:54:13'),
	(255,1,23,'2017-12-02',20.00,0.00,0.00,0.00,'2017-11-23 04:54:13','2017-11-23 04:54:13'),
	(256,1,14,'2017-10-22',3000.00,0.00,0.00,50.00,'2017-11-23 07:07:48','2017-12-24 09:29:30'),
	(257,1,11,'2017-11-20',50.00,100.00,0.00,0.00,'2017-11-24 07:43:04','2017-11-24 07:43:04'),
	(258,1,11,'2017-11-21',50.00,100.00,0.00,0.00,'2017-11-24 07:43:04','2017-11-24 07:43:04'),
	(259,1,11,'2017-11-22',50.00,100.00,0.00,0.00,'2017-11-24 07:43:04','2017-11-24 07:43:04'),
	(260,1,11,'2017-11-23',50.00,100.00,0.00,0.00,'2017-11-24 07:43:04','2017-11-24 07:43:04'),
	(261,1,12,'2017-11-20',20.00,100.00,0.00,0.00,'2017-11-24 07:53:30','2017-11-24 07:53:30'),
	(262,1,12,'2017-11-21',20.00,100.00,0.00,0.00,'2017-11-24 07:53:30','2017-11-24 07:53:30'),
	(263,1,12,'2017-11-22',20.00,100.00,0.00,0.00,'2017-11-24 07:53:30','2017-11-24 07:53:30'),
	(264,1,12,'2017-11-23',20.00,100.00,0.00,0.00,'2017-11-24 07:53:30','2017-11-24 07:53:30'),
	(265,1,15,'2017-11-20',30.00,100.00,0.00,0.00,'2017-11-24 08:00:01','2017-11-24 08:00:01'),
	(266,1,15,'2017-11-21',30.00,100.00,0.00,0.00,'2017-11-24 08:00:01','2017-11-24 08:00:01'),
	(267,1,15,'2017-11-22',30.00,100.00,0.00,0.00,'2017-11-24 08:00:01','2017-11-24 08:00:01'),
	(268,1,15,'2017-11-23',30.00,100.00,0.00,0.00,'2017-11-24 08:00:01','2017-11-24 08:00:01'),
	(269,1,16,'2017-11-18',20.00,100.00,0.00,0.00,'2017-11-24 08:02:48','2017-11-24 08:02:48'),
	(270,1,16,'2017-11-19',0.00,100.00,550.00,0.00,'2017-11-24 08:02:48','2017-12-28 07:39:42'),
	(271,1,16,'2017-11-20',20.00,100.00,0.00,0.00,'2017-11-24 08:02:48','2017-11-24 08:02:48'),
	(272,1,20,'2017-11-20',30.00,100.00,0.00,0.00,'2017-11-24 08:08:07','2017-11-24 08:08:07'),
	(273,1,20,'2017-11-21',30.00,100.00,0.00,0.00,'2017-11-24 08:08:07','2017-11-24 08:08:07'),
	(274,1,20,'2017-11-22',30.00,100.00,0.00,0.00,'2017-11-24 08:08:07','2017-11-24 08:08:07'),
	(275,1,20,'2017-11-23',30.00,100.00,0.00,0.00,'2017-11-24 08:08:07','2017-11-24 08:08:07'),
	(278,1,18,'2017-11-30',20.00,0.00,0.00,0.00,'2017-11-25 08:15:48','2017-11-25 08:15:48'),
	(279,1,18,'2017-12-01',20.00,0.00,0.00,0.00,'2017-11-25 08:15:48','2017-11-25 08:15:48'),
	(280,1,18,'2017-12-02',20.00,0.00,0.00,0.00,'2017-11-25 08:15:48','2017-11-25 08:15:48'),
	(281,1,18,'2017-12-03',20.00,0.00,0.00,0.00,'2017-11-25 08:15:48','2017-11-25 08:15:48'),
	(282,1,18,'2017-12-04',20.00,0.00,0.00,0.00,'2017-11-25 08:15:48','2017-11-25 08:15:48'),
	(283,1,6,'2017-11-25',0.00,0.00,3000.00,0.00,'2017-11-26 13:23:01','2017-11-26 13:23:01'),
	(284,1,7,'2017-11-25',0.00,0.00,3000.00,0.00,'2017-11-26 13:23:27','2017-11-26 13:23:27'),
	(285,1,8,'2017-12-05',3000.00,0.00,0.00,0.00,'2017-12-06 07:28:26','2017-12-06 07:28:26'),
	(286,1,4,'2017-12-05',3000.00,0.00,0.00,0.00,'2017-12-06 07:28:49','2017-12-06 07:28:49'),
	(287,1,23,'2017-12-03',20.00,0.00,0.00,0.00,'2017-12-06 07:35:15','2017-12-06 07:35:15'),
	(288,1,23,'2017-12-04',20.00,0.00,0.00,0.00,'2017-12-06 07:35:15','2017-12-06 07:35:15'),
	(289,1,23,'2017-12-05',20.00,0.00,0.00,0.00,'2017-12-06 07:35:15','2017-12-06 07:35:15'),
	(290,1,23,'2017-12-06',20.00,0.00,0.00,0.00,'2017-12-06 07:35:15','2017-12-06 07:35:15'),
	(291,1,23,'2017-12-07',20.00,0.00,0.00,0.00,'2017-12-06 07:35:15','2017-12-06 07:35:15'),
	(292,1,23,'2017-12-08',20.00,0.00,0.00,0.00,'2017-12-06 07:35:15','2017-12-06 07:35:15'),
	(293,1,23,'2017-12-09',20.00,0.00,0.00,0.00,'2017-12-06 07:35:15','2017-12-06 07:35:15'),
	(294,1,23,'2017-12-10',20.00,0.00,0.00,0.00,'2017-12-06 07:35:15','2017-12-06 07:35:15'),
	(295,1,23,'2017-12-11',20.00,0.00,0.00,0.00,'2017-12-06 07:35:15','2017-12-06 07:35:15'),
	(296,1,23,'2017-12-12',20.00,0.00,0.00,0.00,'2017-12-06 07:35:15','2017-12-06 07:35:15'),
	(297,1,18,'2017-12-05',20.00,0.00,0.00,0.00,'2017-12-15 06:18:10','2017-12-15 06:18:10'),
	(298,1,18,'2017-12-06',20.00,0.00,0.00,0.00,'2017-12-15 06:18:10','2017-12-15 06:18:10'),
	(299,1,18,'2017-12-07',20.00,0.00,0.00,0.00,'2017-12-15 06:18:10','2017-12-15 06:18:10'),
	(300,1,18,'2017-12-08',20.00,0.00,0.00,0.00,'2017-12-15 06:18:10','2017-12-15 06:18:10'),
	(301,1,18,'2017-12-09',20.00,0.00,0.00,0.00,'2017-12-15 06:18:10','2017-12-15 06:18:10'),
	(302,1,18,'2017-12-10',20.00,0.00,0.00,0.00,'2017-12-15 06:18:10','2017-12-15 06:18:10'),
	(303,1,18,'2017-12-11',20.00,0.00,0.00,0.00,'2017-12-15 06:18:10','2017-12-15 06:18:10'),
	(304,1,18,'2017-12-12',20.00,0.00,0.00,0.00,'2017-12-15 06:18:10','2017-12-15 06:18:10'),
	(305,1,18,'2017-12-13',20.00,0.00,0.00,0.00,'2017-12-15 06:18:10','2017-12-15 06:18:10'),
	(306,1,18,'2017-12-14',20.00,0.00,0.00,0.00,'2017-12-15 06:18:10','2017-12-15 06:18:10'),
	(307,1,18,'2017-12-15',20.00,0.00,0.00,0.00,'2017-12-15 06:18:10','2017-12-15 06:18:10'),
	(308,1,23,'2017-12-13',20.00,0.00,0.00,0.00,'2017-12-15 06:34:22','2017-12-15 06:34:22'),
	(309,1,23,'2017-12-14',20.00,0.00,0.00,0.00,'2017-12-15 06:34:22','2017-12-15 06:34:22'),
	(310,1,23,'2017-12-15',20.00,0.00,0.00,0.00,'2017-12-15 06:34:22','2017-12-15 06:34:22'),
	(311,1,23,'2017-12-16',20.00,0.00,0.00,0.00,'2017-12-15 06:34:22','2017-12-15 06:34:22'),
	(312,1,23,'2017-12-17',20.00,0.00,0.00,0.00,'2017-12-15 06:34:22','2017-12-15 06:34:22'),
	(313,1,23,'2017-12-18',20.00,0.00,0.00,0.00,'2017-12-15 06:34:22','2017-12-15 06:34:22'),
	(314,1,23,'2017-12-19',20.00,0.00,0.00,0.00,'2017-12-15 06:34:22','2017-12-15 06:34:22'),
	(315,1,23,'2017-12-20',20.00,0.00,0.00,0.00,'2017-12-15 06:34:22','2017-12-15 06:34:22'),
	(316,1,23,'2017-12-21',20.00,0.00,0.00,0.00,'2017-12-15 06:34:22','2017-12-15 06:34:22'),
	(317,1,23,'2017-12-22',20.00,0.00,0.00,0.00,'2017-12-15 06:34:22','2017-12-15 06:34:22'),
	(318,1,23,'2017-12-23',20.00,0.00,0.00,0.00,'2017-12-15 06:34:22','2017-12-15 06:34:22'),
	(319,1,23,'2017-12-24',20.00,0.00,0.00,0.00,'2017-12-15 06:34:22','2017-12-15 06:34:22'),
	(320,1,23,'2017-12-25',20.00,0.00,0.00,0.00,'2017-12-15 06:34:22','2017-12-15 06:34:22'),
	(321,1,23,'2017-12-26',20.00,0.00,0.00,0.00,'2017-12-15 06:34:22','2017-12-15 06:34:22'),
	(322,1,19,'2017-12-20',20.00,0.00,0.00,0.00,'2017-12-15 06:49:34','2017-12-15 06:49:34'),
	(323,1,19,'2017-12-21',20.00,0.00,0.00,0.00,'2017-12-15 06:49:34','2017-12-15 06:49:34'),
	(324,1,19,'2017-12-22',20.00,0.00,0.00,0.00,'2017-12-15 06:49:34','2017-12-15 06:49:34'),
	(325,1,19,'2017-12-23',20.00,0.00,0.00,0.00,'2017-12-15 06:49:34','2017-12-15 06:49:34'),
	(326,1,19,'2017-12-24',20.00,0.00,0.00,0.00,'2017-12-15 06:49:34','2017-12-15 06:49:34'),
	(327,1,19,'2017-12-25',20.00,0.00,0.00,0.00,'2017-12-15 06:49:34','2017-12-15 06:49:34'),
	(328,1,19,'2017-12-26',20.00,0.00,0.00,0.00,'2017-12-15 06:49:34','2017-12-15 06:49:34'),
	(329,1,19,'2017-12-27',20.00,0.00,0.00,0.00,'2017-12-15 06:49:34','2017-12-15 06:49:34'),
	(330,1,19,'2017-12-28',20.00,0.00,0.00,0.00,'2017-12-15 06:49:34','2017-12-15 06:49:34'),
	(331,1,19,'2017-12-29',20.00,0.00,0.00,0.00,'2017-12-15 06:49:34','2017-12-15 06:49:34'),
	(332,1,13,'2017-11-30',20.00,0.00,0.00,0.00,'2017-12-18 04:57:32','2017-12-18 04:57:32'),
	(333,1,13,'2017-12-01',20.00,0.00,0.00,0.00,'2017-12-18 04:57:32','2017-12-18 04:57:32'),
	(334,1,13,'2017-12-02',20.00,0.00,0.00,0.00,'2017-12-18 04:57:32','2017-12-18 04:57:32'),
	(335,1,13,'2017-12-03',20.00,0.00,0.00,0.00,'2017-12-18 04:57:32','2017-12-18 04:57:32'),
	(336,1,13,'2017-12-04',20.00,0.00,0.00,0.00,'2017-12-18 04:57:32','2017-12-18 04:57:32'),
	(337,1,13,'2017-12-05',20.00,0.00,0.00,0.00,'2017-12-18 04:57:32','2017-12-18 04:57:32'),
	(338,1,13,'2017-12-06',20.00,0.00,0.00,0.00,'2017-12-18 04:57:32','2017-12-18 04:57:32'),
	(339,1,13,'2017-12-07',20.00,0.00,0.00,0.00,'2017-12-18 04:57:32','2017-12-18 04:57:32'),
	(340,1,13,'2017-12-08',20.00,0.00,0.00,0.00,'2017-12-18 04:57:32','2017-12-18 04:57:32'),
	(341,1,13,'2017-12-09',20.00,0.00,0.00,0.00,'2017-12-18 04:57:32','2017-12-18 04:57:32'),
	(342,1,13,'2017-12-10',20.00,0.00,0.00,0.00,'2017-12-18 04:57:32','2017-12-18 04:57:32'),
	(343,1,13,'2017-12-11',20.00,0.00,0.00,0.00,'2017-12-18 04:57:32','2017-12-18 04:57:32'),
	(344,1,13,'2017-12-12',20.00,0.00,0.00,0.00,'2017-12-18 04:57:32','2017-12-18 04:57:32'),
	(345,1,13,'2017-12-13',20.00,0.00,0.00,0.00,'2017-12-18 04:57:32','2017-12-18 04:57:32'),
	(346,1,13,'2017-12-14',20.00,0.00,0.00,0.00,'2017-12-18 04:57:32','2017-12-18 04:57:32'),
	(347,1,13,'2017-12-15',20.00,0.00,0.00,0.00,'2017-12-18 04:57:32','2017-12-18 04:57:32'),
	(348,1,13,'2017-12-16',20.00,0.00,0.00,0.00,'2017-12-18 04:57:32','2017-12-18 04:57:32'),
	(349,1,13,'2017-12-17',20.00,0.00,0.00,0.00,'2017-12-18 04:57:32','2017-12-18 04:57:32'),
	(350,1,13,'2017-12-18',20.00,0.00,0.00,0.00,'2017-12-18 04:57:32','2017-12-18 04:57:32'),
	(351,1,13,'2017-12-19',20.00,0.00,0.00,0.00,'2017-12-18 04:57:32','2017-12-18 04:57:32'),
	(352,1,13,'2017-12-20',20.00,0.00,0.00,0.00,'2017-12-18 04:57:32','2017-12-18 04:57:32'),
	(353,1,13,'2017-12-21',20.00,0.00,0.00,0.00,'2017-12-18 04:57:32','2017-12-18 04:57:32'),
	(354,1,13,'2017-12-22',20.00,0.00,0.00,0.00,'2017-12-18 04:57:32','2017-12-18 04:57:32'),
	(355,1,13,'2017-12-23',20.00,0.00,0.00,0.00,'2017-12-18 04:57:32','2017-12-18 04:57:32'),
	(356,1,13,'2017-12-24',20.00,0.00,0.00,0.00,'2017-12-18 04:57:32','2017-12-18 04:57:32'),
	(357,1,13,'2017-12-25',20.00,0.00,0.00,0.00,'2017-12-18 04:57:32','2017-12-18 04:57:32'),
	(358,1,13,'2017-12-26',20.00,0.00,0.00,0.00,'2017-12-18 04:57:32','2017-12-18 04:57:32'),
	(359,1,13,'2017-12-27',20.00,0.00,0.00,0.00,'2017-12-18 04:57:32','2017-12-18 04:57:32'),
	(360,1,17,'2017-11-30',20.00,0.00,0.00,0.00,'2017-12-18 05:11:28','2017-12-18 05:11:28'),
	(361,1,17,'2017-12-01',20.00,0.00,0.00,0.00,'2017-12-18 05:11:28','2017-12-18 05:11:28'),
	(362,1,17,'2017-12-02',20.00,0.00,0.00,0.00,'2017-12-18 05:11:28','2017-12-18 05:11:28'),
	(363,1,17,'2017-12-03',20.00,0.00,0.00,0.00,'2017-12-18 05:11:28','2017-12-18 05:11:28'),
	(364,1,17,'2017-12-04',20.00,0.00,0.00,0.00,'2017-12-18 05:11:28','2017-12-18 05:11:28'),
	(365,1,17,'2017-12-05',20.00,0.00,0.00,0.00,'2017-12-18 05:11:28','2017-12-18 05:11:28'),
	(366,1,17,'2017-12-06',20.00,0.00,0.00,0.00,'2017-12-18 05:11:28','2017-12-18 05:11:28'),
	(367,1,17,'2017-12-07',20.00,0.00,0.00,0.00,'2017-12-18 05:11:28','2017-12-18 05:11:28'),
	(368,1,17,'2017-12-08',20.00,0.00,0.00,0.00,'2017-12-18 05:11:28','2017-12-18 05:11:28'),
	(369,1,17,'2017-12-09',20.00,0.00,0.00,0.00,'2017-12-18 05:11:28','2017-12-18 05:11:28'),
	(370,1,17,'2017-12-10',20.00,0.00,0.00,0.00,'2017-12-18 05:11:28','2017-12-18 05:11:28'),
	(371,1,17,'2017-12-11',20.00,0.00,0.00,0.00,'2017-12-18 05:11:28','2017-12-18 05:11:28'),
	(372,1,17,'2017-12-12',20.00,0.00,0.00,0.00,'2017-12-18 05:11:28','2017-12-18 05:11:28'),
	(373,1,17,'2017-12-13',20.00,0.00,0.00,0.00,'2017-12-18 05:11:28','2017-12-18 05:11:28'),
	(374,1,17,'2017-12-14',20.00,0.00,0.00,0.00,'2017-12-18 05:11:28','2017-12-18 05:11:28'),
	(375,1,17,'2017-12-15',20.00,0.00,0.00,0.00,'2017-12-18 05:11:28','2017-12-18 05:11:28'),
	(376,1,17,'2017-12-16',20.00,0.00,0.00,0.00,'2017-12-18 05:11:28','2017-12-18 05:11:28'),
	(377,1,17,'2017-12-17',20.00,0.00,0.00,0.00,'2017-12-18 05:11:28','2017-12-18 05:11:28'),
	(378,1,17,'2017-12-18',20.00,0.00,0.00,0.00,'2017-12-18 05:11:28','2017-12-18 05:11:28'),
	(379,1,17,'2017-12-19',20.00,0.00,0.00,0.00,'2017-12-18 05:11:28','2017-12-18 05:11:28'),
	(380,1,17,'2017-12-20',20.00,0.00,0.00,0.00,'2017-12-18 05:11:28','2017-12-18 05:11:28'),
	(381,1,17,'2017-12-21',20.00,0.00,0.00,0.00,'2017-12-18 05:11:28','2017-12-18 05:11:28'),
	(382,1,17,'2017-12-22',20.00,0.00,0.00,0.00,'2017-12-18 05:11:28','2017-12-18 05:11:28'),
	(383,1,17,'2017-12-23',20.00,0.00,0.00,0.00,'2017-12-18 05:11:28','2017-12-18 05:11:28'),
	(384,1,17,'2017-12-24',20.00,0.00,0.00,0.00,'2017-12-18 05:11:28','2017-12-18 05:11:28'),
	(385,1,17,'2017-12-25',20.00,0.00,0.00,0.00,'2017-12-18 05:11:28','2017-12-18 05:11:28'),
	(386,1,17,'2017-12-26',20.00,0.00,0.00,0.00,'2017-12-18 05:11:28','2017-12-18 05:11:28'),
	(387,1,17,'2017-12-27',20.00,0.00,0.00,0.00,'2017-12-18 05:11:28','2017-12-18 05:11:28'),
	(388,1,17,'2017-12-28',20.00,0.00,0.00,0.00,'2017-12-18 05:11:28','2017-12-18 05:11:28'),
	(389,1,17,'2017-12-29',20.00,0.00,0.00,0.00,'2017-12-18 05:11:28','2017-12-18 05:11:28'),
	(390,1,17,'2017-12-30',20.00,0.00,0.00,0.00,'2017-12-18 05:11:28','2017-12-18 05:11:28'),
	(391,1,17,'2017-12-31',20.00,0.00,0.00,0.00,'2017-12-18 05:11:28','2017-12-18 05:11:28'),
	(392,1,11,'2017-11-24',50.00,100.00,0.00,0.00,'2017-12-18 05:16:49','2017-12-18 05:16:49'),
	(393,1,11,'2017-11-25',50.00,100.00,0.00,0.00,'2017-12-18 05:16:49','2017-12-18 05:16:49'),
	(394,1,11,'2017-11-26',50.00,100.00,0.00,0.00,'2017-12-18 05:16:49','2017-12-18 05:16:49'),
	(395,1,11,'2017-11-27',50.00,100.00,0.00,0.00,'2017-12-18 05:16:49','2017-12-18 05:16:49'),
	(396,1,11,'2017-11-28',50.00,100.00,0.00,0.00,'2017-12-18 05:16:49','2017-12-18 05:16:49'),
	(397,1,11,'2017-11-29',50.00,100.00,0.00,0.00,'2017-12-18 05:16:49','2017-12-18 05:16:49'),
	(398,1,11,'2017-11-30',50.00,100.00,0.00,0.00,'2017-12-18 05:16:49','2017-12-18 05:16:49'),
	(399,1,11,'2017-12-01',50.00,100.00,0.00,0.00,'2017-12-18 05:16:49','2017-12-18 05:16:49'),
	(400,1,11,'2017-12-02',50.00,100.00,0.00,0.00,'2017-12-18 05:16:49','2017-12-18 05:16:49'),
	(401,1,11,'2017-12-03',50.00,100.00,0.00,0.00,'2017-12-18 05:16:49','2017-12-18 05:16:49'),
	(402,1,11,'2017-12-04',50.00,100.00,0.00,0.00,'2017-12-18 05:16:49','2017-12-18 05:16:49'),
	(403,1,11,'2017-12-05',50.00,100.00,0.00,0.00,'2017-12-18 05:16:49','2017-12-18 05:16:49'),
	(404,1,11,'2017-12-06',50.00,100.00,0.00,0.00,'2017-12-18 05:16:49','2017-12-18 05:16:49'),
	(405,1,11,'2017-12-07',50.00,100.00,0.00,0.00,'2017-12-18 05:16:49','2017-12-18 05:16:49'),
	(406,1,11,'2017-12-08',50.00,100.00,0.00,0.00,'2017-12-18 05:16:49','2017-12-18 05:16:49'),
	(407,1,11,'2017-12-09',50.00,100.00,0.00,0.00,'2017-12-18 05:16:49','2017-12-18 05:16:49'),
	(408,1,11,'2017-12-10',50.00,100.00,0.00,0.00,'2017-12-18 05:16:49','2017-12-18 05:16:49'),
	(409,1,11,'2017-12-11',50.00,100.00,0.00,0.00,'2017-12-18 05:16:49','2017-12-18 05:16:49'),
	(410,1,11,'2017-12-12',50.00,100.00,0.00,0.00,'2017-12-18 05:16:49','2017-12-18 05:16:49'),
	(411,1,11,'2017-12-13',50.00,100.00,0.00,0.00,'2017-12-18 05:16:49','2017-12-18 05:16:49'),
	(412,1,11,'2017-12-14',50.00,100.00,0.00,0.00,'2017-12-18 05:16:49','2017-12-18 05:16:49'),
	(413,1,11,'2017-12-15',50.00,100.00,0.00,0.00,'2017-12-18 05:16:49','2017-12-18 05:16:49'),
	(414,1,11,'2017-12-16',50.00,100.00,0.00,0.00,'2017-12-18 05:16:49','2017-12-18 05:16:49'),
	(415,1,12,'2017-11-24',20.00,100.00,0.00,0.00,'2017-12-18 05:27:30','2017-12-18 05:27:30'),
	(416,1,12,'2017-11-25',20.00,100.00,0.00,0.00,'2017-12-18 05:27:30','2017-12-18 05:27:30'),
	(417,1,12,'2017-11-26',20.00,100.00,0.00,0.00,'2017-12-18 05:27:30','2017-12-18 05:27:30'),
	(418,1,12,'2017-11-27',20.00,100.00,0.00,0.00,'2017-12-18 05:27:30','2017-12-18 05:27:30'),
	(419,1,12,'2017-11-28',20.00,100.00,0.00,0.00,'2017-12-18 05:27:30','2017-12-18 05:27:30'),
	(420,1,12,'2017-11-29',20.00,100.00,0.00,0.00,'2017-12-18 05:27:30','2017-12-18 05:27:30'),
	(421,1,12,'2017-11-30',20.00,100.00,0.00,0.00,'2017-12-18 05:27:30','2017-12-18 05:27:30'),
	(422,1,12,'2017-12-01',20.00,100.00,0.00,0.00,'2017-12-18 05:27:30','2017-12-18 05:27:30'),
	(423,1,12,'2017-12-02',20.00,100.00,0.00,0.00,'2017-12-18 05:27:30','2017-12-18 05:27:30'),
	(424,1,12,'2017-12-04',20.00,100.00,0.00,0.00,'2017-12-18 05:27:30','2017-12-18 05:27:30'),
	(425,1,12,'2017-12-03',20.00,100.00,0.00,0.00,'2017-12-18 05:27:30','2017-12-18 05:27:30'),
	(426,1,12,'2017-12-05',20.00,100.00,0.00,0.00,'2017-12-18 05:27:30','2017-12-18 05:27:30'),
	(427,1,12,'2017-12-06',20.00,100.00,0.00,0.00,'2017-12-18 05:27:30','2017-12-18 05:27:30'),
	(428,1,12,'2017-12-07',20.00,100.00,0.00,0.00,'2017-12-18 05:27:30','2017-12-18 05:27:30'),
	(429,1,12,'2017-12-08',20.00,100.00,0.00,0.00,'2017-12-18 05:27:30','2017-12-18 05:27:30'),
	(430,1,12,'2017-12-09',20.00,100.00,0.00,0.00,'2017-12-18 05:27:30','2017-12-18 05:27:30'),
	(431,1,12,'2017-12-10',20.00,100.00,0.00,0.00,'2017-12-18 05:27:30','2017-12-18 05:27:30'),
	(432,1,12,'2017-12-11',20.00,100.00,0.00,0.00,'2017-12-18 05:27:30','2017-12-18 05:27:30'),
	(433,1,12,'2017-12-12',20.00,100.00,0.00,0.00,'2017-12-18 05:27:30','2017-12-18 05:27:30'),
	(434,1,12,'2017-12-13',20.00,100.00,0.00,0.00,'2017-12-18 05:27:30','2017-12-18 05:27:30'),
	(435,1,12,'2017-12-14',20.00,100.00,0.00,0.00,'2017-12-18 05:27:30','2017-12-18 05:27:30'),
	(436,1,12,'2017-12-15',20.00,100.00,0.00,0.00,'2017-12-18 05:27:30','2017-12-18 05:27:30'),
	(437,1,12,'2017-12-16',20.00,100.00,0.00,0.00,'2017-12-18 05:27:30','2017-12-18 05:27:30'),
	(438,1,15,'2017-11-24',30.00,100.00,0.00,0.00,'2017-12-18 05:32:49','2017-12-18 05:32:49'),
	(439,1,15,'2017-11-25',30.00,100.00,0.00,0.00,'2017-12-18 05:32:49','2017-12-18 05:32:49'),
	(440,1,15,'2017-11-26',30.00,100.00,0.00,0.00,'2017-12-18 05:32:49','2017-12-18 05:32:49'),
	(441,1,15,'2017-11-27',30.00,100.00,0.00,0.00,'2017-12-18 05:32:49','2017-12-18 05:32:49'),
	(442,1,15,'2017-11-28',30.00,100.00,0.00,0.00,'2017-12-18 05:32:49','2017-12-18 05:32:49'),
	(443,1,15,'2017-11-29',30.00,100.00,0.00,0.00,'2017-12-18 05:32:49','2017-12-18 05:32:49'),
	(444,1,15,'2017-11-30',30.00,100.00,0.00,0.00,'2017-12-18 05:32:49','2017-12-18 05:32:49'),
	(445,1,15,'2017-12-01',30.00,100.00,0.00,0.00,'2017-12-18 05:32:49','2017-12-18 05:32:49'),
	(446,1,15,'2017-12-02',30.00,100.00,0.00,0.00,'2017-12-18 05:32:49','2017-12-18 05:32:49'),
	(447,1,15,'2017-12-03',30.00,100.00,0.00,0.00,'2017-12-18 05:32:49','2017-12-18 05:32:49'),
	(448,1,15,'2017-12-04',30.00,100.00,0.00,0.00,'2017-12-18 05:32:49','2017-12-18 05:32:49'),
	(449,1,15,'2017-12-05',30.00,100.00,0.00,0.00,'2017-12-18 05:32:49','2017-12-18 05:32:49'),
	(450,1,15,'2017-12-06',30.00,100.00,0.00,0.00,'2017-12-18 05:32:49','2017-12-18 05:32:49'),
	(451,1,15,'2017-12-07',30.00,100.00,0.00,0.00,'2017-12-18 05:32:49','2017-12-18 05:32:49'),
	(452,1,15,'2017-12-08',30.00,100.00,0.00,0.00,'2017-12-18 05:32:49','2017-12-18 05:32:49'),
	(453,1,15,'2017-12-09',30.00,100.00,0.00,0.00,'2017-12-18 05:32:49','2017-12-18 05:32:49'),
	(454,1,15,'2017-12-10',30.00,100.00,0.00,0.00,'2017-12-18 05:32:49','2017-12-18 05:32:49'),
	(455,1,15,'2017-12-11',30.00,100.00,0.00,0.00,'2017-12-18 05:32:49','2017-12-18 05:32:49'),
	(456,1,15,'2017-12-12',30.00,100.00,0.00,0.00,'2017-12-18 05:32:49','2017-12-18 05:32:49'),
	(457,1,15,'2017-12-13',30.00,100.00,0.00,0.00,'2017-12-18 05:32:49','2017-12-18 05:32:49'),
	(458,1,15,'2017-12-14',30.00,100.00,0.00,0.00,'2017-12-18 05:32:49','2017-12-18 05:32:49'),
	(459,1,15,'2017-12-15',30.00,100.00,0.00,0.00,'2017-12-18 05:32:49','2017-12-18 05:32:49'),
	(460,1,15,'2017-12-16',30.00,100.00,0.00,0.00,'2017-12-18 05:32:49','2017-12-18 05:32:49'),
	(461,1,16,'2017-11-21',20.00,100.00,0.00,0.00,'2017-12-18 05:44:23','2017-12-18 05:44:23'),
	(462,1,16,'2017-11-22',20.00,100.00,0.00,0.00,'2017-12-18 05:44:23','2017-12-18 05:44:23'),
	(463,1,16,'2017-11-23',20.00,100.00,0.00,0.00,'2017-12-18 05:44:23','2017-12-18 05:44:23'),
	(464,1,16,'2017-11-24',20.00,100.00,0.00,0.00,'2017-12-18 05:44:23','2017-12-18 05:44:23'),
	(465,1,16,'2017-11-25',20.00,100.00,0.00,0.00,'2017-12-18 05:44:23','2017-12-18 05:44:23'),
	(466,1,16,'2017-11-26',20.00,100.00,0.00,0.00,'2017-12-18 05:44:23','2017-12-18 05:44:23'),
	(467,1,16,'2017-11-27',20.00,100.00,0.00,0.00,'2017-12-18 05:44:23','2017-12-18 05:44:23'),
	(468,1,16,'2017-11-28',20.00,100.00,0.00,0.00,'2017-12-18 05:44:23','2017-12-18 05:44:23'),
	(469,1,16,'2017-11-29',20.00,100.00,0.00,0.00,'2017-12-18 05:44:23','2017-12-18 05:44:23'),
	(470,1,16,'2017-11-30',20.00,100.00,0.00,0.00,'2017-12-18 05:44:23','2017-12-18 05:44:23'),
	(471,1,16,'2017-12-01',20.00,100.00,0.00,0.00,'2017-12-18 05:44:23','2017-12-18 05:44:23'),
	(472,1,16,'2017-12-02',20.00,100.00,0.00,0.00,'2017-12-18 05:44:23','2017-12-18 05:44:23'),
	(473,1,16,'2017-12-03',20.00,100.00,0.00,0.00,'2017-12-18 05:44:23','2017-12-18 05:44:23'),
	(474,1,16,'2017-12-04',20.00,100.00,0.00,0.00,'2017-12-18 05:44:23','2017-12-18 05:44:23'),
	(475,1,16,'2017-12-05',20.00,100.00,0.00,0.00,'2017-12-18 05:44:23','2017-12-18 05:44:23'),
	(476,1,16,'2017-12-06',20.00,100.00,0.00,0.00,'2017-12-18 05:44:23','2017-12-18 05:44:23'),
	(477,1,20,'2017-11-24',30.00,100.00,0.00,0.00,'2017-12-18 05:55:33','2017-12-18 05:55:33'),
	(478,1,20,'2017-11-25',30.00,100.00,0.00,0.00,'2017-12-18 05:55:33','2017-12-18 05:55:33'),
	(479,1,20,'2017-11-26',30.00,100.00,0.00,0.00,'2017-12-18 05:55:33','2017-12-18 05:55:33'),
	(480,1,20,'2017-11-27',30.00,100.00,0.00,0.00,'2017-12-18 05:55:33','2017-12-18 05:55:33'),
	(481,1,20,'2017-11-28',30.00,100.00,0.00,0.00,'2017-12-18 05:55:33','2017-12-18 05:55:33'),
	(482,1,20,'2017-11-29',30.00,100.00,0.00,0.00,'2017-12-18 05:55:33','2017-12-18 05:55:33'),
	(483,1,20,'2017-11-30',30.00,100.00,0.00,0.00,'2017-12-18 05:55:33','2017-12-18 05:55:33'),
	(484,1,20,'2017-12-01',30.00,100.00,0.00,0.00,'2017-12-18 05:55:33','2017-12-18 05:55:33'),
	(485,1,20,'2017-12-02',30.00,100.00,0.00,0.00,'2017-12-18 05:55:33','2017-12-18 05:55:33'),
	(486,1,20,'2017-12-03',30.00,100.00,0.00,0.00,'2017-12-18 05:55:33','2017-12-18 05:55:33'),
	(487,1,20,'2017-12-04',30.00,100.00,0.00,0.00,'2017-12-18 05:55:33','2017-12-18 05:55:33'),
	(488,1,20,'2017-12-05',30.00,100.00,0.00,0.00,'2017-12-18 05:55:33','2017-12-18 05:55:33'),
	(489,1,20,'2017-12-06',30.00,100.00,0.00,0.00,'2017-12-18 05:55:33','2017-12-18 05:55:33'),
	(490,1,20,'2017-12-07',30.00,100.00,0.00,0.00,'2017-12-18 05:55:33','2017-12-18 05:55:33'),
	(491,1,20,'2017-12-08',30.00,100.00,0.00,0.00,'2017-12-18 05:55:33','2017-12-18 05:55:33'),
	(492,1,20,'2017-12-09',30.00,100.00,0.00,0.00,'2017-12-18 05:55:33','2017-12-18 05:55:33'),
	(493,1,20,'2017-12-10',30.00,100.00,0.00,0.00,'2017-12-18 05:55:33','2017-12-18 05:55:33'),
	(494,1,20,'2017-12-11',30.00,100.00,0.00,0.00,'2017-12-18 05:55:33','2017-12-18 05:55:33'),
	(495,1,20,'2017-12-12',30.00,100.00,0.00,0.00,'2017-12-18 05:55:33','2017-12-18 05:55:33'),
	(496,1,20,'2017-12-13',30.00,100.00,0.00,0.00,'2017-12-18 05:55:33','2017-12-18 05:55:33'),
	(497,1,20,'2017-12-14',30.00,100.00,0.00,0.00,'2017-12-18 05:55:33','2017-12-18 05:55:33'),
	(498,1,21,'2017-12-17',0.00,0.00,100.00,0.00,'2017-12-18 06:02:32','2017-12-18 06:02:32'),
	(499,1,22,'2017-11-19',20.00,0.00,0.00,0.00,'2017-12-18 06:07:43','2017-12-18 06:07:43'),
	(500,1,22,'2017-11-20',20.00,0.00,0.00,0.00,'2017-12-18 06:07:43','2017-12-18 06:07:43'),
	(501,1,22,'2017-11-21',20.00,0.00,0.00,0.00,'2017-12-18 06:07:43','2017-12-18 06:07:43'),
	(502,1,22,'2017-11-22',20.00,0.00,0.00,0.00,'2017-12-18 06:07:43','2017-12-18 06:07:43'),
	(503,1,22,'2017-11-23',20.00,0.00,0.00,0.00,'2017-12-18 06:07:43','2017-12-18 06:07:43'),
	(504,1,22,'2017-11-24',20.00,0.00,0.00,0.00,'2017-12-18 06:07:43','2017-12-18 06:07:43'),
	(505,1,22,'2017-11-25',20.00,0.00,0.00,0.00,'2017-12-18 06:07:43','2017-12-18 06:07:43'),
	(506,1,22,'2017-11-26',20.00,0.00,0.00,0.00,'2017-12-18 06:07:43','2017-12-18 06:07:43'),
	(507,1,22,'2017-11-27',20.00,0.00,0.00,0.00,'2017-12-18 06:07:43','2017-12-18 06:07:43'),
	(508,1,22,'2017-11-28',20.00,0.00,0.00,0.00,'2017-12-18 06:07:43','2017-12-18 06:07:43'),
	(509,1,22,'2017-11-29',20.00,0.00,0.00,0.00,'2017-12-18 06:07:43','2017-12-18 06:07:43'),
	(510,1,22,'2017-11-30',20.00,0.00,0.00,0.00,'2017-12-18 06:07:43','2017-12-18 06:07:43'),
	(534,1,25,'2017-12-05',20.00,0.00,0.00,0.00,'2017-12-18 06:16:01','2017-12-18 06:16:01'),
	(535,1,25,'2017-12-06',20.00,0.00,0.00,0.00,'2017-12-18 06:16:01','2017-12-18 06:16:01'),
	(536,1,25,'2017-12-07',20.00,0.00,0.00,0.00,'2017-12-18 06:16:01','2017-12-18 06:16:01'),
	(537,1,25,'2017-12-08',20.00,0.00,0.00,0.00,'2017-12-18 06:16:01','2017-12-18 06:16:01'),
	(538,1,25,'2017-12-09',20.00,0.00,0.00,0.00,'2017-12-18 06:16:01','2017-12-18 06:16:01'),
	(539,1,25,'2017-12-10',20.00,0.00,0.00,0.00,'2017-12-18 06:16:01','2017-12-18 06:16:01'),
	(540,1,25,'2017-12-11',20.00,0.00,0.00,0.00,'2017-12-18 06:16:01','2017-12-18 06:16:01'),
	(541,1,25,'2017-12-12',20.00,0.00,0.00,0.00,'2017-12-18 06:16:01','2017-12-18 06:16:01'),
	(542,1,25,'2017-12-13',20.00,0.00,0.00,0.00,'2017-12-18 06:16:01','2017-12-18 06:16:01'),
	(543,1,25,'2017-12-14',20.00,0.00,0.00,0.00,'2017-12-18 06:16:01','2017-12-18 06:16:01'),
	(544,1,25,'2017-12-15',20.00,0.00,0.00,0.00,'2017-12-18 06:16:01','2017-12-18 06:16:01'),
	(545,1,25,'2017-12-16',20.00,0.00,0.00,0.00,'2017-12-18 06:16:01','2017-12-18 06:16:01'),
	(546,1,22,'2017-12-01',20.00,0.00,0.00,0.00,'2017-12-18 06:19:16','2017-12-18 06:19:16'),
	(547,1,17,'2018-01-01',20.00,0.00,0.00,0.00,'2017-12-18 06:23:26','2018-01-09 07:40:18'),
	(548,1,11,'2017-12-17',50.00,100.00,0.00,0.00,'2017-12-20 07:36:20','2017-12-20 07:36:20'),
	(549,1,11,'2017-12-18',50.00,100.00,0.00,0.00,'2017-12-20 07:36:20','2017-12-20 07:36:20'),
	(550,1,11,'2017-12-19',50.00,100.00,0.00,0.00,'2017-12-20 07:36:20','2017-12-20 07:36:20'),
	(551,1,12,'2017-12-17',20.00,100.00,0.00,0.00,'2017-12-20 07:38:20','2017-12-20 07:38:20'),
	(552,1,12,'2017-12-18',20.00,100.00,0.00,0.00,'2017-12-20 07:38:20','2017-12-20 07:38:20'),
	(553,1,12,'2017-12-19',20.00,100.00,0.00,0.00,'2017-12-20 07:38:20','2017-12-20 07:38:20'),
	(554,1,20,'2017-12-15',30.00,100.00,0.00,0.00,'2017-12-20 07:40:41','2017-12-20 07:45:34'),
	(555,1,20,'2017-12-16',30.00,100.00,0.00,0.00,'2017-12-20 07:40:41','2017-12-20 07:45:49'),
	(556,1,20,'2017-12-17',30.00,100.00,0.00,0.00,'2017-12-20 07:40:41','2017-12-20 07:46:02'),
	(557,1,15,'2017-12-17',30.00,100.00,0.00,0.00,'2017-12-20 07:41:45','2017-12-20 07:41:45'),
	(558,1,15,'2017-12-18',30.00,100.00,0.00,0.00,'2017-12-20 07:41:45','2017-12-20 07:41:45'),
	(559,1,15,'2017-12-19',30.00,100.00,0.00,0.00,'2017-12-20 07:41:45','2017-12-20 07:41:45'),
	(560,1,16,'2017-12-07',20.00,100.00,0.00,0.00,'2017-12-20 07:44:07','2017-12-20 07:44:07'),
	(561,1,16,'2017-12-08',20.00,100.00,0.00,0.00,'2017-12-20 07:44:07','2017-12-20 07:44:07'),
	(562,1,16,'2017-12-09',20.00,100.00,0.00,0.00,'2017-12-20 07:44:07','2017-12-20 07:44:07'),
	(563,1,16,'2017-12-10',20.00,100.00,0.00,0.00,'2017-12-20 07:44:07','2017-12-20 07:44:07'),
	(564,1,16,'2017-12-11',20.00,100.00,0.00,0.00,'2017-12-20 07:44:07','2017-12-20 07:44:07'),
	(568,1,11,'2017-12-20',50.00,100.00,0.00,0.00,'2017-12-21 07:39:57','2017-12-21 07:39:57'),
	(569,1,12,'2017-12-20',20.00,100.00,0.00,0.00,'2017-12-21 07:41:08','2017-12-21 07:41:08'),
	(570,1,15,'2017-12-20',30.00,100.00,0.00,0.00,'2017-12-21 07:43:29','2017-12-21 07:43:29'),
	(571,1,20,'2017-12-18',30.00,100.00,0.00,0.00,'2017-12-21 07:45:23','2017-12-21 07:45:23'),
	(573,1,26,'2017-12-21',10.00,100.00,0.00,0.00,'2017-12-21 22:15:17','2017-12-21 22:15:17'),
	(586,1,16,'2017-12-12',20.00,100.00,0.00,0.00,'2017-12-22 08:01:03','2017-12-22 08:01:03'),
	(587,1,12,'2017-12-21',20.00,100.00,0.00,0.00,'2017-12-22 08:01:47','2017-12-22 08:01:47'),
	(588,1,20,'2017-12-19',30.00,100.00,0.00,0.00,'2017-12-22 08:02:49','2017-12-22 08:02:49'),
	(589,1,11,'2017-12-21',50.00,100.00,0.00,0.00,'2017-12-22 08:03:51','2017-12-22 08:03:51'),
	(591,1,15,'2017-12-21',30.00,100.00,1540.00,40.00,'2017-12-22 08:05:39','2017-12-22 08:25:05'),
	(593,1,18,'2017-12-16',20.00,0.00,0.00,0.00,'2017-12-22 08:33:36','2017-12-22 08:33:36'),
	(594,1,18,'2017-12-17',20.00,0.00,0.00,0.00,'2017-12-22 08:33:36','2017-12-22 08:33:36'),
	(595,1,18,'2017-12-18',20.00,0.00,0.00,0.00,'2017-12-22 08:33:36','2017-12-22 08:33:36'),
	(596,1,18,'2017-12-19',20.00,0.00,0.00,0.00,'2017-12-22 08:33:36','2017-12-22 08:33:36'),
	(597,1,18,'2017-12-20',20.00,0.00,0.00,0.00,'2017-12-22 08:33:36','2017-12-22 08:33:36'),
	(598,1,24,'2017-12-18',50.00,100.00,0.00,0.00,'2017-12-22 08:39:34','2017-12-22 08:39:34'),
	(599,1,24,'2017-12-19',50.00,100.00,0.00,0.00,'2017-12-22 08:39:34','2017-12-22 08:39:34'),
	(600,1,24,'2017-12-20',50.00,100.00,0.00,0.00,'2017-12-22 08:39:34','2017-12-22 08:39:34'),
	(601,1,24,'2017-12-21',50.00,100.00,0.00,0.00,'2017-12-22 08:39:34','2017-12-22 08:39:34'),
	(602,1,5,'2017-12-22',3000.00,0.00,0.00,25.00,'2017-12-22 23:26:04','2017-12-24 09:26:41'),
	(603,1,3,'2017-12-22',3000.00,0.00,0.00,25.00,'2017-12-22 23:26:18','2017-12-24 09:27:40'),
	(604,1,23,'2017-12-27',20.00,0.00,0.00,0.00,'2017-12-22 23:42:15','2017-12-22 23:42:15'),
	(605,1,23,'2017-12-28',20.00,0.00,0.00,0.00,'2017-12-22 23:42:15','2017-12-22 23:42:15'),
	(606,1,23,'2017-12-29',20.00,0.00,0.00,0.00,'2017-12-22 23:42:15','2017-12-22 23:42:15'),
	(607,1,23,'2017-12-30',20.00,0.00,0.00,0.00,'2017-12-22 23:42:15','2017-12-22 23:42:15'),
	(608,1,23,'2017-12-31',20.00,0.00,0.00,0.00,'2017-12-22 23:42:15','2017-12-22 23:42:15'),
	(609,1,11,'2017-12-22',50.00,100.00,0.00,0.00,'2017-12-23 07:28:40','2017-12-23 07:28:40'),
	(610,1,12,'2017-12-22',20.00,100.00,0.00,0.00,'2017-12-23 07:30:30','2017-12-23 07:30:30'),
	(611,1,16,'2017-12-13',20.00,100.00,0.00,0.00,'2017-12-23 07:32:23','2017-12-23 07:32:23'),
	(612,1,16,'2017-12-14',20.00,100.00,0.00,0.00,'2017-12-23 07:32:23','2017-12-23 07:32:23'),
	(613,1,20,'2017-12-20',30.00,100.00,0.00,0.00,'2017-12-23 07:35:14','2017-12-24 07:44:12'),
	(614,1,24,'2017-12-22',50.00,100.00,0.00,0.00,'2017-12-23 07:37:15','2017-12-23 07:37:15'),
	(615,1,14,'2017-11-22',3000.00,0.00,0.00,25.00,'2017-12-24 05:42:09','2017-12-24 09:29:14'),
	(622,1,16,'2017-12-15',20.00,100.00,0.00,0.00,'2017-12-24 07:52:08','2017-12-24 07:52:08'),
	(623,1,12,'2017-12-23',20.00,100.00,0.00,0.00,'2017-12-24 07:52:18','2017-12-24 07:52:18'),
	(624,1,20,'2017-12-23',30.00,100.00,0.00,0.00,'2017-12-24 07:52:27','2017-12-24 07:52:27'),
	(625,1,27,'2017-12-23',30.00,200.00,0.00,0.00,'2017-12-24 07:52:47','2017-12-24 07:52:47'),
	(626,1,11,'2017-12-23',50.00,100.00,0.00,0.00,'2017-12-24 07:52:58','2017-12-24 07:52:58'),
	(627,1,24,'2017-12-23',50.00,100.00,0.00,0.00,'2017-12-24 07:53:08','2017-12-24 07:53:08'),
	(628,1,28,'2017-12-23',427.00,0.00,0.00,0.00,'2017-12-24 09:31:32','2017-12-24 09:31:32'),
	(629,1,14,'2017-12-24',3000.00,0.00,0.00,76.00,'2017-12-25 07:58:30','2017-12-25 07:58:30'),
	(630,1,28,'2017-12-24',76.00,0.00,0.00,0.00,'2017-12-25 07:58:51','2017-12-25 07:58:51'),
	(631,1,11,'2017-12-24',50.00,100.00,0.00,0.00,'2017-12-25 08:02:29','2017-12-25 08:02:29'),
	(632,1,12,'2017-12-24',20.00,100.00,0.00,0.00,'2017-12-25 08:04:10','2017-12-25 08:04:10'),
	(633,1,16,'2017-12-24',20.00,100.00,0.00,0.00,'2017-12-25 08:05:15','2017-12-25 08:05:15'),
	(634,1,20,'2017-12-22',30.00,100.00,0.00,0.00,'2017-12-25 08:07:02','2017-12-25 08:07:02'),
	(635,1,24,'2017-12-24',50.00,100.00,0.00,0.00,'2017-12-25 08:08:34','2017-12-25 08:08:34'),
	(636,1,26,'2017-12-22',10.00,100.00,0.00,0.00,'2017-12-25 08:10:43','2017-12-25 08:10:43'),
	(637,1,26,'2017-12-23',10.00,100.00,0.00,0.00,'2017-12-25 08:10:43','2017-12-25 08:10:43'),
	(638,1,26,'2017-12-24',10.00,100.00,0.00,0.00,'2017-12-25 08:10:43','2017-12-25 08:10:43'),
	(639,1,27,'2017-12-24',30.00,200.00,0.00,0.00,'2017-12-25 08:12:33','2017-12-25 08:12:33'),
	(640,1,11,'2017-12-25',50.00,100.00,0.00,0.00,'2017-12-26 08:39:41','2017-12-26 08:39:41'),
	(641,1,12,'2017-12-25',20.00,100.00,0.00,0.00,'2017-12-26 08:41:23','2017-12-26 08:41:23'),
	(642,1,16,'2017-12-17',20.00,100.00,0.00,0.00,'2017-12-26 08:43:20','2017-12-26 08:43:20'),
	(643,1,24,'2017-12-25',50.00,100.00,0.00,0.00,'2017-12-26 08:45:26','2017-12-26 08:45:26'),
	(644,1,27,'2017-12-25',30.00,200.00,0.00,0.00,'2017-12-26 08:47:00','2017-12-26 08:47:00'),
	(645,1,20,'2017-12-23',30.00,100.00,0.00,0.00,'2017-12-26 08:51:35','2017-12-26 08:51:35'),
	(646,1,11,'2017-12-26',50.00,100.00,0.00,0.00,'2017-12-27 06:58:13','2017-12-27 06:58:13'),
	(647,1,12,'2017-12-26',20.00,100.00,0.00,0.00,'2017-12-27 07:01:33','2017-12-27 07:01:33'),
	(648,1,20,'2017-12-24',30.00,100.00,0.00,0.00,'2017-12-27 07:03:55','2017-12-27 07:03:55'),
	(649,1,24,'2017-12-26',50.00,100.00,0.00,0.00,'2017-12-27 07:05:25','2017-12-27 07:05:25'),
	(650,1,27,'2017-12-26',30.00,200.00,0.00,0.00,'2017-12-27 07:07:01','2017-12-27 07:07:01'),
	(651,1,18,'2017-12-16',20.00,0.00,0.00,0.00,'2017-12-27 07:17:24','2017-12-27 07:17:24'),
	(652,1,18,'2017-12-17',20.00,0.00,0.00,0.00,'2017-12-27 07:17:24','2017-12-27 07:17:24'),
	(653,1,18,'2017-12-18',20.00,0.00,0.00,0.00,'2017-12-27 07:17:24','2017-12-27 07:17:24'),
	(654,1,18,'2017-12-19',20.00,0.00,0.00,0.00,'2017-12-27 07:17:24','2017-12-27 07:17:24'),
	(655,1,18,'2017-12-20',20.00,0.00,0.00,0.00,'2017-12-27 07:17:24','2017-12-27 07:17:24'),
	(656,1,18,'2017-12-21',20.00,0.00,0.00,0.00,'2017-12-27 07:17:24','2017-12-27 07:17:24'),
	(657,1,18,'2017-12-22',20.00,0.00,0.00,0.00,'2017-12-27 07:17:24','2017-12-27 07:17:24'),
	(658,1,18,'2017-12-23',20.00,0.00,0.00,0.00,'2017-12-27 07:17:24','2017-12-27 07:17:24'),
	(659,1,18,'2017-12-24',20.00,0.00,0.00,0.00,'2017-12-27 07:17:24','2017-12-27 07:17:24'),
	(660,1,18,'2017-12-25',20.00,0.00,0.00,0.00,'2017-12-27 07:17:24','2017-12-27 07:17:24'),
	(661,1,18,'2017-12-26',20.00,0.00,0.00,0.00,'2017-12-27 07:17:24','2017-12-27 07:17:24'),
	(662,1,18,'2017-12-27',20.00,0.00,0.00,0.00,'2017-12-27 07:17:24','2017-12-27 07:17:24'),
	(663,1,18,'2017-12-28',20.00,0.00,0.00,0.00,'2017-12-27 07:17:24','2017-12-27 07:17:24'),
	(664,1,18,'2017-12-29',20.00,0.00,0.00,0.00,'2017-12-27 07:17:24','2017-12-27 07:17:24'),
	(665,1,18,'2017-12-30',20.00,0.00,0.00,0.00,'2017-12-27 07:17:24','2017-12-27 07:17:24'),
	(666,1,18,'2017-12-31',20.00,0.00,0.00,0.00,'2017-12-27 07:17:24','2017-12-27 07:17:24'),
	(667,1,18,'2018-01-01',20.00,0.00,0.00,0.00,'2017-12-27 07:17:24','2017-12-27 07:17:24'),
	(668,1,18,'2018-01-02',20.00,0.00,0.00,0.00,'2017-12-27 07:17:24','2017-12-27 07:17:24'),
	(669,1,16,'2017-12-18',20.00,100.00,0.00,30.00,'2017-12-28 05:40:05','2017-12-28 05:41:27'),
	(670,1,11,'2017-12-27',50.00,100.00,0.00,0.00,'2017-12-28 07:30:46','2017-12-28 07:30:46'),
	(671,1,12,'2017-12-27',20.00,100.00,0.00,0.00,'2017-12-28 07:32:12','2017-12-28 07:32:12'),
	(672,1,20,'2017-12-27',30.00,100.00,0.00,0.00,'2017-12-28 07:35:30','2017-12-28 07:35:30'),
	(673,1,24,'2017-12-27',50.00,100.00,0.00,0.00,'2017-12-28 07:36:48','2017-12-28 07:36:48'),
	(674,1,27,'2017-12-27',30.00,200.00,0.00,0.00,'2017-12-28 07:38:20','2017-12-28 07:38:20'),
	(675,1,11,'2017-12-28',50.00,100.00,0.00,0.00,'2017-12-29 07:20:48','2017-12-29 07:20:48'),
	(676,1,12,'2017-12-28',20.00,100.00,0.00,0.00,'2017-12-29 07:22:23','2017-12-29 07:22:23'),
	(677,1,20,'2017-12-26',30.00,100.00,0.00,0.00,'2017-12-29 07:24:05','2017-12-29 07:24:05'),
	(678,1,24,'2017-12-28',50.00,100.00,0.00,0.00,'2017-12-29 07:25:49','2017-12-29 07:25:49'),
	(679,1,27,'2017-12-28',30.00,200.00,0.00,0.00,'2017-12-29 07:27:40','2017-12-29 07:27:40'),
	(680,1,26,'2017-12-25',10.00,100.00,0.00,0.00,'2017-12-30 04:37:14','2017-12-30 04:37:14'),
	(681,1,26,'2017-12-26',10.00,100.00,0.00,0.00,'2017-12-30 04:37:14','2017-12-30 04:37:14'),
	(682,1,26,'2017-12-27',10.00,100.00,0.00,0.00,'2017-12-30 04:37:14','2017-12-30 04:37:14'),
	(683,1,26,'2017-12-28',10.00,100.00,0.00,0.00,'2017-12-30 04:37:14','2017-12-30 04:37:14'),
	(684,1,27,'2017-12-29',30.00,200.00,0.00,0.00,'2017-12-30 07:26:53','2017-12-30 07:26:53'),
	(685,1,11,'2017-12-29',50.00,100.00,0.00,0.00,'2017-12-30 07:30:48','2017-12-30 07:30:48'),
	(686,1,12,'2017-12-29',20.00,100.00,0.00,0.00,'2017-12-30 07:32:34','2017-12-30 07:32:34'),
	(687,1,20,'2017-12-29',30.00,100.00,0.00,0.00,'2017-12-30 07:34:00','2017-12-30 07:34:00'),
	(688,1,24,'2017-12-29',50.00,100.00,0.00,0.00,'2017-12-30 07:35:35','2017-12-30 07:35:35'),
	(689,1,11,'2017-12-30',50.00,100.00,0.00,0.00,'2017-12-31 07:04:50','2017-12-31 07:04:50'),
	(690,1,12,'2017-12-30',20.00,100.00,0.00,0.00,'2017-12-31 07:07:22','2017-12-31 07:07:22'),
	(691,1,20,'2017-12-28',30.00,100.00,0.00,0.00,'2017-12-31 07:09:13','2017-12-31 07:09:13'),
	(692,1,27,'2017-12-30',30.00,200.00,0.00,0.00,'2017-12-31 07:14:00','2017-12-31 07:14:00'),
	(693,1,24,'2017-12-30',50.00,100.00,0.00,0.00,'2017-12-31 07:16:54','2017-12-31 07:16:54'),
	(694,1,11,'2017-12-31',50.00,100.00,0.00,0.00,'2018-01-01 22:56:44','2018-01-01 22:56:44'),
	(695,1,12,'2017-12-31',20.00,100.00,0.00,0.00,'2018-01-01 22:58:36','2018-01-01 22:58:36'),
	(696,1,20,'2017-12-29',30.00,100.00,0.00,0.00,'2018-01-01 23:00:39','2018-01-01 23:00:39'),
	(697,1,24,'2017-12-31',50.00,100.00,0.00,0.00,'2018-01-01 23:02:55','2018-01-01 23:02:55'),
	(698,1,27,'2017-12-31',30.00,200.00,0.00,0.00,'2018-01-01 23:04:25','2018-01-01 23:04:25'),
	(699,1,23,'2018-01-01',20.00,0.00,0.00,0.00,'2018-01-02 00:05:12','2018-01-02 00:05:12'),
	(700,1,23,'2018-01-02',20.00,0.00,0.00,0.00,'2018-01-02 00:05:12','2018-01-02 00:05:12'),
	(701,1,23,'2018-01-03',20.00,0.00,0.00,0.00,'2018-01-02 00:05:12','2018-01-02 00:05:12'),
	(702,1,23,'2018-01-04',20.00,0.00,0.00,0.00,'2018-01-02 00:05:12','2018-01-02 00:05:12'),
	(703,1,23,'2018-01-05',20.00,0.00,0.00,0.00,'2018-01-02 00:05:12','2018-01-02 00:05:12'),
	(704,1,23,'2018-01-06',20.00,0.00,0.00,0.00,'2018-01-02 00:05:12','2018-01-02 00:05:12'),
	(705,1,23,'2018-01-07',20.00,0.00,0.00,0.00,'2018-01-02 00:05:12','2018-01-02 00:05:12'),
	(706,1,23,'2018-01-08',20.00,0.00,0.00,0.00,'2018-01-02 00:05:12','2018-01-02 00:05:12'),
	(707,1,23,'2018-01-09',20.00,0.00,0.00,0.00,'2018-01-02 00:05:12','2018-01-02 00:05:12'),
	(708,1,23,'2018-01-10',20.00,0.00,0.00,0.00,'2018-01-02 00:05:12','2018-01-02 00:05:12'),
	(709,1,11,'2018-01-01',50.00,100.00,0.00,0.00,'2018-01-09 07:29:34','2018-01-09 07:29:34'),
	(710,1,11,'2018-01-02',50.00,100.00,0.00,0.00,'2018-01-09 07:29:34','2018-01-09 07:29:34'),
	(711,1,11,'2018-01-03',50.00,100.00,0.00,0.00,'2018-01-09 07:29:34','2018-01-09 07:29:34'),
	(712,1,11,'2018-01-04',50.00,100.00,1090.00,140.00,'2018-01-09 07:29:34','2018-01-11 08:28:24'),
	(713,1,12,'2018-01-01',20.00,100.00,0.00,0.00,'2018-01-09 07:31:51','2018-01-09 07:31:51'),
	(714,1,12,'2018-01-02',20.00,100.00,0.00,0.00,'2018-01-09 07:31:51','2018-01-09 07:31:51'),
	(715,1,12,'2018-01-03',20.00,100.00,0.00,0.00,'2018-01-09 07:31:51','2018-01-09 07:31:51'),
	(716,1,12,'2018-01-04',20.00,100.00,0.00,0.00,'2018-01-09 07:31:51','2018-01-09 07:31:51'),
	(717,1,12,'2018-01-05',20.00,100.00,0.00,0.00,'2018-01-09 07:31:51','2018-01-09 07:31:51'),
	(718,1,12,'2018-01-06',20.00,100.00,0.00,0.00,'2018-01-09 07:31:51','2018-01-09 07:31:51'),
	(719,1,12,'2018-01-07',20.00,100.00,0.00,0.00,'2018-01-09 07:31:51','2018-01-09 07:31:51'),
	(720,1,12,'2018-01-08',20.00,100.00,0.00,0.00,'2018-01-09 07:31:51','2018-01-09 07:31:51'),
	(721,1,12,'2018-01-09',20.00,100.00,0.00,0.00,'2018-01-09 07:31:51','2018-01-09 07:31:51'),
	(722,1,12,'2018-01-10',20.00,100.00,0.00,0.00,'2018-01-09 07:31:51','2018-01-09 07:31:51'),
	(723,1,12,'2018-01-11',20.00,100.00,0.00,0.00,'2018-01-09 07:31:51','2018-01-09 07:31:51'),
	(724,1,12,'2018-01-12',20.00,100.00,0.00,0.00,'2018-01-09 07:31:51','2018-01-09 07:31:51'),
	(725,1,12,'2018-01-13',20.00,100.00,0.00,0.00,'2018-01-09 07:31:51','2018-01-09 07:31:51'),
	(726,1,20,'2017-12-30',30.00,100.00,0.00,0.00,'2018-01-09 07:34:04','2018-01-09 07:34:04'),
	(727,1,20,'2017-12-31',30.00,100.00,0.00,0.00,'2018-01-09 07:34:04','2018-01-09 07:34:04'),
	(728,1,20,'2018-01-01',30.00,100.00,0.00,0.00,'2018-01-09 07:34:04','2018-01-09 07:34:04'),
	(729,1,20,'2018-01-02',30.00,100.00,0.00,0.00,'2018-01-09 07:34:04','2018-01-09 07:34:04'),
	(730,1,20,'2018-01-03',30.00,100.00,0.00,0.00,'2018-01-09 07:34:04','2018-01-09 07:34:04'),
	(731,1,20,'2018-01-04',30.00,100.00,0.00,0.00,'2018-01-09 07:34:04','2018-01-09 07:34:04'),
	(732,1,20,'2018-01-05',30.00,100.00,0.00,0.00,'2018-01-09 07:34:04','2018-01-09 07:34:04'),
	(733,1,20,'2018-01-06',30.00,100.00,0.00,0.00,'2018-01-09 07:34:04','2018-01-09 07:34:04'),
	(734,1,24,'2018-01-01',50.00,100.00,0.00,0.00,'2018-01-09 07:37:25','2018-01-09 07:37:25'),
	(735,1,24,'2018-01-02',50.00,100.00,0.00,0.00,'2018-01-09 07:37:25','2018-01-09 07:37:25'),
	(736,1,24,'2018-01-03',50.00,100.00,0.00,0.00,'2018-01-09 07:37:25','2018-01-09 07:37:25'),
	(737,1,24,'2018-01-04',50.00,100.00,0.00,0.00,'2018-01-09 07:37:25','2018-01-09 07:37:25'),
	(738,1,24,'2018-01-05',50.00,100.00,0.00,0.00,'2018-01-09 07:37:25','2018-01-09 07:37:25'),
	(739,1,24,'2018-01-06',50.00,100.00,0.00,0.00,'2018-01-09 07:37:25','2018-01-09 07:37:25'),
	(740,1,24,'2018-01-07',50.00,100.00,0.00,0.00,'2018-01-09 07:37:25','2018-01-09 07:37:25'),
	(741,1,24,'2018-01-08',50.00,100.00,0.00,0.00,'2018-01-09 07:37:25','2018-01-09 07:37:25'),
	(742,1,17,'2018-01-02',20.00,0.00,0.00,0.00,'2018-01-09 07:41:27','2018-01-09 07:41:27'),
	(743,1,17,'2018-01-03',20.00,0.00,0.00,0.00,'2018-01-09 07:41:27','2018-01-09 07:41:27'),
	(744,1,17,'2018-01-04',20.00,0.00,0.00,0.00,'2018-01-09 07:41:27','2018-01-09 07:41:27'),
	(745,1,17,'2018-01-05',20.00,0.00,0.00,0.00,'2018-01-09 07:41:27','2018-01-09 07:41:27'),
	(746,1,17,'2018-01-06',20.00,0.00,0.00,0.00,'2018-01-09 07:41:27','2018-01-09 07:41:27'),
	(747,1,30,'2018-01-01',20.00,100.00,0.00,0.00,'2018-01-09 07:43:03','2018-01-09 07:43:03'),
	(748,1,30,'2018-01-02',20.00,100.00,0.00,0.00,'2018-01-09 07:43:03','2018-01-09 07:43:03'),
	(749,1,30,'2018-01-03',20.00,100.00,0.00,0.00,'2018-01-09 07:43:03','2018-01-09 07:43:03'),
	(750,1,30,'2018-01-04',20.00,100.00,0.00,0.00,'2018-01-09 07:43:03','2018-01-09 07:43:03'),
	(751,1,30,'2018-01-05',20.00,100.00,0.00,0.00,'2018-01-09 07:43:03','2018-01-09 07:43:03'),
	(752,1,30,'2018-01-06',20.00,100.00,0.00,0.00,'2018-01-09 07:43:03','2018-01-09 07:43:03'),
	(753,1,30,'2018-01-07',20.00,100.00,0.00,0.00,'2018-01-09 07:43:03','2018-01-09 07:43:03'),
	(754,1,30,'2018-01-08',20.00,100.00,0.00,0.00,'2018-01-09 07:43:03','2018-01-09 07:43:03'),
	(755,1,27,'2018-01-01',30.00,200.00,0.00,0.00,'2018-01-09 07:46:41','2018-01-09 07:46:41'),
	(756,1,27,'2018-01-02',30.00,200.00,0.00,0.00,'2018-01-09 07:46:41','2018-01-09 07:46:41'),
	(757,1,27,'2018-01-03',30.00,200.00,0.00,0.00,'2018-01-09 07:46:41','2018-01-09 07:46:41'),
	(758,1,27,'2018-01-04',30.00,200.00,0.00,0.00,'2018-01-09 07:46:41','2018-01-09 07:46:41'),
	(759,1,27,'2018-01-05',30.00,200.00,0.00,0.00,'2018-01-09 07:46:41','2018-01-09 07:46:41'),
	(760,1,27,'2018-01-06',30.00,200.00,0.00,0.00,'2018-01-09 07:46:41','2018-01-09 07:46:41'),
	(761,1,27,'2018-01-07',30.00,200.00,0.00,0.00,'2018-01-09 07:46:41','2018-01-09 07:46:41'),
	(762,1,27,'2018-01-08',30.00,200.00,0.00,0.00,'2018-01-09 07:46:41','2018-01-09 07:46:41'),
	(763,1,26,'2017-12-29',10.00,100.00,0.00,0.00,'2018-01-09 07:54:26','2018-01-09 07:54:26'),
	(764,1,26,'2017-12-30',10.00,100.00,0.00,0.00,'2018-01-09 07:54:26','2018-01-09 07:54:26'),
	(765,1,26,'2017-12-31',10.00,100.00,0.00,0.00,'2018-01-09 07:54:26','2018-01-09 07:54:26'),
	(766,1,26,'2018-01-01',10.00,100.00,0.00,0.00,'2018-01-09 07:54:26','2018-01-09 07:54:26'),
	(767,1,26,'2018-01-02',10.00,100.00,0.00,0.00,'2018-01-09 07:54:26','2018-01-09 07:54:26'),
	(768,1,26,'2018-01-03',10.00,100.00,0.00,0.00,'2018-01-09 07:54:26','2018-01-09 07:54:26'),
	(769,1,26,'2018-01-04',10.00,100.00,0.00,0.00,'2018-01-09 07:54:26','2018-01-09 07:54:26'),
	(770,1,26,'2018-01-05',10.00,100.00,0.00,0.00,'2018-01-09 07:54:26','2018-01-09 07:54:26'),
	(771,1,26,'2018-01-06',10.00,100.00,0.00,0.00,'2018-01-09 07:54:26','2018-01-09 07:54:26'),
	(772,1,26,'2018-01-07',10.00,100.00,0.00,0.00,'2018-01-09 07:54:26','2018-01-09 07:54:26'),
	(773,1,10,'2018-01-08',3000.00,0.00,0.00,50.00,'2018-01-09 08:11:10','2018-01-12 07:40:19'),
	(774,1,1,'2018-01-08',3000.00,0.00,0.00,50.00,'2018-01-09 08:11:23','2018-01-12 07:40:36'),
	(775,1,23,'2018-01-11',20.00,0.00,0.00,0.00,'2018-01-11 08:07:20','2018-01-11 08:07:20'),
	(776,1,23,'2018-01-12',20.00,0.00,0.00,0.00,'2018-01-11 08:07:20','2018-01-11 08:07:20'),
	(777,1,23,'2018-01-13',20.00,0.00,0.00,0.00,'2018-01-11 08:07:20','2018-01-11 08:07:20'),
	(778,1,23,'2018-01-14',20.00,0.00,0.00,0.00,'2018-01-11 08:07:20','2018-01-11 08:07:20'),
	(779,1,23,'2018-01-15',20.00,0.00,0.00,0.00,'2018-01-11 08:07:20','2018-01-11 08:07:20'),
	(780,1,23,'2018-01-16',20.00,0.00,0.00,0.00,'2018-01-11 08:07:20','2018-01-11 08:07:20'),
	(781,1,23,'2018-01-17',20.00,0.00,0.00,0.00,'2018-01-11 08:07:20','2018-01-11 08:07:20'),
	(782,1,23,'2018-01-18',20.00,0.00,0.00,0.00,'2018-01-11 08:07:20','2018-01-11 08:07:20'),
	(783,1,23,'2018-01-19',20.00,0.00,0.00,0.00,'2018-01-11 08:07:20','2018-01-11 08:07:20'),
	(784,1,23,'2018-01-20',20.00,0.00,0.00,0.00,'2018-01-11 08:07:20','2018-01-11 08:07:20'),
	(785,1,26,'2018-01-08',10.00,100.00,0.00,0.00,'2018-01-11 08:09:34','2018-01-11 08:09:34'),
	(786,1,26,'2018-01-09',10.00,100.00,0.00,0.00,'2018-01-11 08:09:34','2018-01-11 08:09:34'),
	(787,1,26,'2018-01-10',10.00,100.00,0.00,0.00,'2018-01-11 08:09:34','2018-01-11 08:09:34'),
	(788,1,28,'2018-01-10',140.00,0.00,0.00,0.00,'2018-01-11 08:39:45','2018-01-11 08:39:45'),
	(789,1,28,'2018-01-11',100.00,0.00,0.00,0.00,'2018-01-12 07:41:03','2018-01-12 07:41:03'),
	(790,1,12,'2018-01-14',20.00,100.00,0.00,0.00,'2018-01-12 08:12:22','2018-01-12 08:12:22'),
	(791,1,12,'2018-01-15',20.00,100.00,0.00,0.00,'2018-01-12 08:12:22','2018-01-12 08:12:22'),
	(792,1,12,'2018-01-16',20.00,100.00,0.00,0.00,'2018-01-12 08:12:22','2018-01-12 08:12:22'),
	(793,1,12,'2018-01-17',20.00,100.00,0.00,0.00,'2018-01-12 08:12:22','2018-01-12 08:12:22'),
	(794,1,12,'2018-01-18',20.00,100.00,0.00,0.00,'2018-01-12 08:12:22','2018-01-12 08:12:22'),
	(795,1,12,'2018-01-19',20.00,100.00,0.00,0.00,'2018-01-12 08:12:22','2018-01-12 08:12:22'),
	(796,1,12,'2018-01-20',20.00,100.00,0.00,0.00,'2018-01-12 08:12:22','2018-01-12 08:12:22'),
	(797,1,20,'2018-01-07',30.00,100.00,0.00,0.00,'2018-01-12 08:14:35','2018-01-12 08:14:35'),
	(798,1,20,'2018-01-08',30.00,100.00,0.00,0.00,'2018-01-12 08:14:35','2018-01-12 08:14:35'),
	(799,1,20,'2018-01-09',30.00,100.00,0.00,0.00,'2018-01-12 08:14:35','2018-01-12 08:14:35'),
	(800,1,24,'2018-01-09',50.00,100.00,0.00,0.00,'2018-01-12 08:16:30','2018-01-12 08:16:30'),
	(801,1,24,'2018-01-10',50.00,100.00,0.00,0.00,'2018-01-12 08:16:30','2018-01-12 08:16:30'),
	(802,1,24,'2018-01-11',50.00,100.00,0.00,0.00,'2018-01-12 08:16:30','2018-01-12 08:16:30'),
	(803,1,24,'2018-01-12',50.00,100.00,0.00,0.00,'2018-01-12 08:16:30','2018-01-12 08:16:30'),
	(804,1,24,'2018-01-13',50.00,100.00,0.00,0.00,'2018-01-12 08:16:30','2018-01-12 08:16:30'),
	(805,1,24,'2018-01-14',50.00,100.00,0.00,0.00,'2018-01-12 08:16:30','2018-01-12 08:16:30'),
	(806,1,27,'2018-01-09',30.00,200.00,0.00,0.00,'2018-01-12 08:18:44','2018-01-12 08:18:44'),
	(807,1,27,'2018-01-10',30.00,200.00,0.00,0.00,'2018-01-12 08:18:44','2018-01-12 08:18:44'),
	(808,1,27,'2018-01-11',30.00,200.00,0.00,0.00,'2018-01-12 08:18:44','2018-01-12 08:18:44'),
	(809,1,30,'2018-01-09',20.00,100.00,0.00,0.00,'2018-01-12 08:21:03','2018-01-12 08:21:03'),
	(810,1,30,'2018-01-10',20.00,100.00,0.00,0.00,'2018-01-12 08:21:03','2018-01-12 08:21:03'),
	(811,1,30,'2018-01-11',20.00,100.00,0.00,0.00,'2018-01-12 08:21:03','2018-01-12 08:21:03'),
	(812,1,34,'2018-01-20',3000.00,0.00,0.00,0.00,'2018-01-13 07:08:12','2018-01-13 07:08:12'),
	(813,1,34,'2017-12-20',3000.00,0.00,0.00,0.00,'2018-01-13 07:08:12','2018-01-13 07:08:12'),
	(814,1,34,'2017-11-20',3000.00,0.00,0.00,0.00,'2018-01-13 07:08:12','2018-01-13 07:08:12'),
	(815,1,34,'2017-10-20',3000.00,0.00,0.00,0.00,'2018-01-13 07:08:12','2018-01-13 07:08:12'),
	(824,1,12,'2018-01-22',20.00,100.00,0.00,0.00,'2018-01-17 14:19:35','2018-01-17 14:19:35'),
	(825,1,12,'2018-01-23',20.00,100.00,0.00,0.00,'2018-01-17 14:21:18','2018-01-17 14:21:18'),
	(826,1,12,'2018-01-24',20.00,100.00,0.00,0.00,'2018-01-17 14:21:44','2018-01-17 14:21:44'),
	(827,1,12,'2018-01-25',20.00,100.00,0.00,0.00,'2018-01-17 14:25:28','2018-01-17 14:25:28'),
	(828,1,12,'2018-01-26',20.00,100.00,0.00,0.00,'2018-01-17 14:25:51','2018-01-17 14:25:51'),
	(829,1,12,'2018-01-26',20.00,100.00,0.00,0.00,'2018-01-17 14:31:32','2018-01-17 14:31:32'),
	(830,1,12,'2018-01-27',20.00,100.00,0.00,0.00,'2018-01-17 14:31:50','2018-01-17 14:31:50'),
	(831,1,12,'2018-01-27',20.00,100.00,0.00,0.00,'2018-01-17 14:32:18','2018-01-17 14:32:18'),
	(832,1,12,'2018-01-28',20.00,100.00,0.00,0.00,'2018-01-17 14:32:27','2018-01-17 14:32:27'),
	(833,1,12,'2018-01-29',20.00,100.00,0.00,0.00,'2018-01-17 14:33:46','2018-01-17 14:33:46'),
	(860,1,12,'2018-01-30',20.00,100.00,0.00,0.00,'2018-01-17 16:01:57','2018-01-17 16:01:57'),
	(861,1,35,'2018-01-18',10.00,100.00,0.00,0.00,'2018-01-17 16:04:06','2018-01-17 16:04:06'),
	(862,1,12,'2018-01-31',20.00,100.00,0.00,0.00,'2018-01-17 17:54:54','2018-01-20 10:58:05'),
	(863,1,17,'2018-01-07',20.00,0.00,0.00,0.00,'2018-01-17 17:55:06','2018-01-20 10:58:05'),
	(864,1,2,'2018-01-17',3000.00,0.00,0.00,0.00,'2018-01-17 17:55:12','2018-01-20 10:58:05'),
	(865,1,12,'2018-02-01',20.00,100.00,0.00,0.00,'2018-01-17 22:11:36','2018-01-17 22:11:36'),
	(866,1,20,'2018-01-10',30.00,100.00,0.00,0.00,'2018-01-17 22:11:51','2018-01-17 22:11:51'),
	(867,1,12,'2018-02-02',20.00,100.00,0.00,0.00,'2018-01-17 22:12:19','2018-01-17 22:12:19'),
	(868,1,20,'2018-01-11',30.00,100.00,0.00,0.00,'2018-01-17 22:12:36','2018-01-17 22:12:36'),
	(869,1,24,'2018-01-15',50.00,100.00,0.00,0.00,'2018-01-17 22:12:46','2018-01-17 22:12:46'),
	(870,1,24,'2018-01-16',50.00,100.00,0.00,0.00,'2018-01-17 22:12:59','2018-01-17 22:12:59'),
	(871,1,35,'2018-01-19',10.00,100.00,0.00,0.00,'2018-01-20 02:38:31','2018-01-20 02:38:31'),
	(872,1,35,'2018-01-20',10.00,100.00,0.00,0.00,'2018-01-20 02:38:40','2018-01-20 02:38:40'),
	(873,1,33,'2018-01-13',20.00,100.00,0.00,0.00,'2018-01-20 02:38:49','2018-01-20 02:38:49'),
	(874,1,20,'2018-01-12',30.00,100.00,0.00,0.00,'2018-01-20 02:38:52','2018-01-20 02:38:52'),
	(875,1,12,'2018-02-03',20.00,100.00,0.00,0.00,'2018-01-20 02:38:54','2018-01-20 02:38:54'),
	(876,1,2,'2018-01-18',3000.00,0.00,0.00,0.00,'2018-01-20 10:17:35','2018-01-20 10:17:35'),
	(877,1,2,'2018-01-19',3000.00,0.00,0.00,0.00,'2018-01-20 10:17:38','2018-01-20 10:17:38'),
	(878,1,3,'2017-12-23',3000.00,0.00,0.00,0.00,'2018-01-20 10:17:49','2018-01-20 10:17:49'),
	(879,1,12,'2018-02-04',20.00,100.00,0.00,0.00,'2018-01-20 11:16:40','2018-01-20 11:16:40'),
	(880,1,35,'2018-01-21',10.00,100.00,0.00,0.00,'2018-01-20 11:16:48','2018-01-20 11:16:48'),
	(881,1,12,'2018-02-05',20.00,100.00,0.00,0.00,'2018-01-20 11:48:22','2018-01-20 11:48:22'),
	(882,1,12,'2018-02-06',20.00,100.00,0.00,0.00,'2018-01-20 11:48:32','2018-01-20 11:48:32'),
	(883,1,12,'2018-02-07',20.00,100.00,0.00,0.00,'2018-01-20 11:48:38','2018-01-20 11:48:38'),
	(888,1,12,'2018-02-12',20.00,100.00,0.00,0.00,'2018-01-20 12:08:35','2018-01-20 13:56:16'),
	(889,1,12,'2018-02-13',20.00,100.00,0.00,0.00,'2018-01-20 16:06:02','2018-01-20 16:06:02');

/*!40000 ALTER TABLE `amounts` ENABLE KEYS */;
UNLOCK TABLES;


# Dump of table migrations
# ------------------------------------------------------------

DROP TABLE IF EXISTS `migrations`;

CREATE TABLE `migrations` (
  `id` int(10) unsigned NOT NULL AUTO_INCREMENT,
  `migration` varchar(255) COLLATE utf8mb4_unicode_ci NOT NULL,
  `batch` int(11) NOT NULL,
  PRIMARY KEY (`id`)
) ENGINE=InnoDB DEFAULT CHARSET=utf8mb4 COLLATE=utf8mb4_unicode_ci;

LOCK TABLES `migrations` WRITE;
/*!40000 ALTER TABLE `migrations` DISABLE KEYS */;

INSERT INTO `migrations` (`id`, `migration`, `batch`)
VALUES
	(1,'2014_10_12_000000_create_users_table',1),
	(2,'2014_10_12_100000_create_password_resets_table',1),
	(3,'2017_10_28_090336_create_profiles_table',1),
	(4,'2017_10_28_200822_create_accounts_table',1),
	(5,'2017_10_29_133755_create_tasks_table',1),
	(6,'2017_10_29_140730_create_others_table',1),
	(7,'2017_10_29_143827_create_amounts_table',1),
	(8,'2017_11_02_190406_create_roles_table',2),
	(9,'2017_11_02_190518_create_permissions_table',2),
	(10,'2018_01_17_110626_create_sendsms_table',3);

/*!40000 ALTER TABLE `migrations` ENABLE KEYS */;
UNLOCK TABLES;


# Dump of table others
# ------------------------------------------------------------

DROP TABLE IF EXISTS `others`;

CREATE TABLE `others` (
  `id` int(10) unsigned NOT NULL AUTO_INCREMENT,
  `other_date` date NOT NULL,
  `other_description` text COLLATE utf8mb4_unicode_ci,
  `elevation_amount` double(8,2) NOT NULL DEFAULT '0.00',
  `saving_amount` double(8,2) NOT NULL DEFAULT '0.00',
  `created_at` timestamp NULL DEFAULT NULL,
  `updated_at` timestamp NULL DEFAULT NULL,
  PRIMARY KEY (`id`)
) ENGINE=InnoDB DEFAULT CHARSET=utf8mb4 COLLATE=utf8mb4_unicode_ci;

LOCK TABLES `others` WRITE;
/*!40000 ALTER TABLE `others` DISABLE KEYS */;

INSERT INTO `others` (`id`, `other_date`, `other_description`, `elevation_amount`, `saving_amount`, `created_at`, `updated_at`)
VALUES
	(1,'2017-10-30','লিমন খান ভর্তি ফি',0.00,50.00,'2017-10-31 05:25:00','2017-10-31 05:25:00'),
	(2,'2017-10-30','পলাশ মাহমুদ ভর্তি',0.00,150.00,'2017-10-31 05:25:30','2017-10-31 05:25:30'),
	(3,'2017-10-30','পলাশ মন্ডল  ভর্তি এবং রিন ফরম',0.00,150.00,'2017-10-31 05:26:17','2017-10-31 05:26:17'),
	(4,'2017-10-30','পাঞ্চ মেশিন, স্টাপ প্লার, পিন বক্স, ফাইল',410.00,0.00,'2017-10-31 05:26:42','2017-10-31 05:26:42'),
	(5,'2017-10-30','সাইফুল ভর্তি ফরম',0.00,150.00,'2017-10-31 05:27:20','2017-10-31 05:27:20'),
	(6,'2017-10-30','সদস‍্য বই প্রিন্ট',100.00,0.00,'2017-10-31 05:27:54','2017-10-31 05:27:54'),
	(7,'2017-10-30','আকবর হোসেন ভর্তি ফি',0.00,150.00,'2017-10-31 05:28:13','2017-10-31 05:28:13'),
	(8,'2017-10-30','কম্পিউটার প্রিন্ট খরচ',100.00,0.00,'2017-10-31 05:28:40','2017-10-31 05:28:40'),
	(9,'2017-10-30','মোকলেস ভাইয়ের ভর্তি ফি',0.00,150.00,'2017-10-31 05:29:06','2017-10-31 05:30:16'),
	(10,'2017-10-30','জহির ভাইয়ের ভর্তি ফি',0.00,150.00,'2017-10-31 05:30:41','2017-10-31 05:30:41'),
	(11,'2017-10-30','আবিরের ভর্তি ফি',0.00,150.00,'2017-10-31 05:31:00','2017-10-31 05:31:00'),
	(12,'2017-10-30','রাজন ভাইয়ের ভর্তি ফি',0.00,150.00,'2017-10-31 05:31:15','2017-10-31 05:31:15'),
	(13,'2017-10-30','ইব্রাহিম খলিল ভর্তি ফি',0.00,150.00,'2017-10-31 05:31:35','2017-10-31 05:31:35'),
	(14,'2017-10-30','যাতায়াত, সদস‍্য ফরম এর কাগজ, সদস‍্য বই এর কাগজ, রেজিস্ট্রি খাতা, কলম, রুলার ইত‍্যাদি',800.00,0.00,'2017-10-31 05:31:54','2017-10-31 05:31:54'),
	(15,'2017-11-01','ফরম, বই প্রিন্ট খরচ',150.00,0.00,'2017-11-01 22:54:28','2017-11-01 22:54:28'),
	(16,'2017-11-01','কামাল ভাই ভর্তি ও ঋণ ফরম',0.00,150.00,'2017-11-01 23:24:30','2017-11-01 23:24:30'),
	(17,'2017-11-01','AAN15 ঋন ফরম',0.00,100.00,'2017-11-01 23:24:50','2017-11-01 23:24:50'),
	(18,'2017-11-02','সৈকত মন্ডল ভর্তি ফি',0.00,50.00,'2017-11-03 01:11:49','2017-11-03 01:11:49'),
	(19,'2017-11-03','মেহেদী ভাইয়ের ভর্তি ফি',0.00,150.00,'2017-11-04 00:48:55','2017-11-04 00:48:55'),
	(20,'2017-11-09','ক‍্যালকুলেটর',380.00,0.00,'2017-11-10 07:35:46','2017-11-10 07:35:46'),
	(21,'2017-11-10','বই প্রিন্ট খরচ',100.00,0.00,'2017-11-11 09:16:33','2017-11-11 09:16:33'),
	(22,'2017-11-12','শাহীন ভর্তি ও ঋণ ফরম',0.00,150.00,'2017-11-13 07:01:36','2017-11-13 07:01:36'),
	(23,'2017-11-12','ভর্তি তাসলিমা আক্তার',0.00,50.00,'2017-11-13 07:41:35','2017-11-13 07:41:35'),
	(24,'2017-11-12','ভর্তি জিনিয়া',0.00,50.00,'2017-11-13 08:35:28','2017-11-13 08:35:28'),
	(25,'2017-11-14','ঋণ খরচ বাবদ AAN-20 (সঞ্চয় থেকে টাকা মিল করা হয়েছে)',170.00,0.00,'2017-11-15 08:27:32','2017-11-15 08:27:32'),
	(26,'2017-11-22','AAN-24 Rin Form',0.00,50.00,'2017-11-23 08:05:34','2017-11-23 08:05:34'),
	(27,'2017-12-17','ভর্তি রুকু',0.00,50.00,'2017-12-18 06:16:52','2017-12-18 06:16:52'),
	(29,'2017-12-21','ভর্তি সোহাগ',0.00,150.00,'2017-12-21 22:15:40','2017-12-21 22:15:40'),
	(30,'2017-12-21','সাইফুল ইসলাম AAN-15 স্থগিত ফরম বাবদ',0.00,50.00,'2017-12-22 08:27:05','2017-12-22 08:27:05'),
	(31,'2017-12-21','সাইফুল ইসলাম AAN-15 ঋণ স্থগিত বোনাস',0.00,500.00,'2017-12-22 08:27:50','2017-12-22 08:27:50'),
	(32,'2017-12-21','বই, ফরম প্রিন্ট বাবদ খরচ',100.00,0.00,'2017-12-22 08:32:09','2017-12-22 08:32:09'),
	(33,'2017-12-22','ঋন ফরম বাবদ',0.00,100.00,'2017-12-23 07:41:46','2017-12-23 07:41:46'),
	(35,'2017-12-25','টালি খাতা, লেজার খাতা, বাইন্ডিং, রাবার, প্রিন্ট',500.00,0.00,'2017-12-26 08:54:45','2017-12-26 08:54:45'),
	(36,'2017-12-27','কামাল ঋণ ক্লোজ বাবব বোনাস ৫০০, ফরম ৫০',0.00,550.00,'2017-12-28 07:40:56','2017-12-28 07:40:56'),
	(37,'2018-01-01','nemain vorti & form',0.00,150.00,'2018-01-01 23:06:27','2018-01-01 23:06:27'),
	(38,'2018-01-10','ঋণ ক্লোজ ফরম',0.00,50.00,'2018-01-11 08:26:21','2018-01-11 08:26:21'),
	(39,'2018-01-10','AAN-11 লাভ',0.00,1000.00,'2018-01-11 08:29:09','2018-01-11 08:29:09'),
	(40,'2018-01-11','ঋণ ফরম বাবদ',0.00,200.00,'2018-01-12 07:37:11','2018-01-12 07:37:11'),
	(41,'2018-01-11','AAN-32 ঋন ফরম',0.00,100.00,'2018-01-12 08:36:33','2018-01-12 08:36:33'),
	(42,'2018-01-12','ফরম',0.00,150.00,'2018-01-13 06:59:53','2018-01-13 06:59:53');

/*!40000 ALTER TABLE `others` ENABLE KEYS */;
UNLOCK TABLES;


# Dump of table password_resets
# ------------------------------------------------------------

DROP TABLE IF EXISTS `password_resets`;

CREATE TABLE `password_resets` (
  `email` varchar(255) COLLATE utf8mb4_unicode_ci NOT NULL,
  `token` varchar(255) COLLATE utf8mb4_unicode_ci NOT NULL,
  `created_at` timestamp NULL DEFAULT NULL,
  KEY `password_resets_email_index` (`email`)
) ENGINE=InnoDB DEFAULT CHARSET=utf8mb4 COLLATE=utf8mb4_unicode_ci;

LOCK TABLES `password_resets` WRITE;
/*!40000 ALTER TABLE `password_resets` DISABLE KEYS */;

INSERT INTO `password_resets` (`email`, `token`, `created_at`)
VALUES
	('polashmahmud@gmail.com','$2y$10$cFbmrA2uQv5s65/hly.p8OL1Il01P.jsCyAvQT0uSwt6hq8bGUmPu','2017-11-04 03:13:45');

/*!40000 ALTER TABLE `password_resets` ENABLE KEYS */;
UNLOCK TABLES;


# Dump of table permission_role
# ------------------------------------------------------------

DROP TABLE IF EXISTS `permission_role`;

CREATE TABLE `permission_role` (
  `permission_id` int(11) NOT NULL,
  `role_id` int(11) NOT NULL
) ENGINE=InnoDB DEFAULT CHARSET=utf8mb4 COLLATE=utf8mb4_unicode_ci;

LOCK TABLES `permission_role` WRITE;
/*!40000 ALTER TABLE `permission_role` DISABLE KEYS */;

INSERT INTO `permission_role` (`permission_id`, `role_id`)
VALUES
	(1,1),
	(2,1),
	(3,1),
	(4,1),
	(5,1),
	(6,1),
	(7,1),
	(8,1),
	(9,1),
	(10,1),
	(11,1),
	(12,1),
	(13,1),
	(14,1),
	(15,1),
	(16,1),
	(17,1),
	(18,1),
	(19,1),
	(20,1),
	(21,1),
	(22,1),
	(23,1),
	(24,1),
	(25,1),
	(26,1),
	(27,1),
	(28,1),
	(29,1),
	(30,1),
	(31,1),
	(32,1),
	(1,2),
	(2,2),
	(5,2),
	(13,2),
	(21,2),
	(22,2),
	(1,3),
	(5,3),
	(13,3);

/*!40000 ALTER TABLE `permission_role` ENABLE KEYS */;
UNLOCK TABLES;


# Dump of table permissions
# ------------------------------------------------------------

DROP TABLE IF EXISTS `permissions`;

CREATE TABLE `permissions` (
  `id` int(10) unsigned NOT NULL AUTO_INCREMENT,
  `name` varchar(255) COLLATE utf8mb4_unicode_ci NOT NULL,
  `for` varchar(255) COLLATE utf8mb4_unicode_ci NOT NULL,
  `created_at` timestamp NULL DEFAULT NULL,
  `updated_at` timestamp NULL DEFAULT NULL,
  PRIMARY KEY (`id`)
) ENGINE=InnoDB DEFAULT CHARSET=utf8mb4 COLLATE=utf8mb4_unicode_ci;

LOCK TABLES `permissions` WRITE;
/*!40000 ALTER TABLE `permissions` DISABLE KEYS */;

INSERT INTO `permissions` (`id`, `name`, `for`, `created_at`, `updated_at`)
VALUES
	(1,'view','1','2017-11-03 19:34:49','2017-11-03 19:34:49'),
	(2,'add','1','2017-11-03 19:34:54','2017-11-03 19:34:54'),
	(3,'edit','1','2017-11-03 19:35:03','2017-11-03 19:35:03'),
	(4,'delete','1','2017-11-03 19:35:09','2017-11-03 19:35:09'),
	(5,'view','2','2017-11-03 19:36:05','2017-11-03 19:36:05'),
	(6,'add','2','2017-11-03 19:36:11','2017-11-03 19:36:11'),
	(7,'edit','2','2017-11-03 19:36:17','2017-11-03 19:36:17'),
	(8,'delete','2','2017-11-03 19:36:24','2017-11-03 19:36:24'),
	(9,'view','3','2017-11-03 19:36:35','2017-11-03 19:36:35'),
	(10,'add','3','2017-11-03 19:36:41','2017-11-03 19:36:41'),
	(11,'edit','3','2017-11-03 19:36:48','2017-11-03 19:36:48'),
	(12,'delete','3','2017-11-03 19:36:56','2017-11-03 19:36:56'),
	(13,'view','4','2017-11-03 19:37:21','2017-11-03 19:37:21'),
	(14,'add','4','2017-11-03 19:37:29','2017-11-03 19:37:29'),
	(15,'edit','4','2017-11-03 19:37:34','2017-11-03 19:37:34'),
	(16,'delete','4','2017-11-03 19:37:39','2017-11-03 19:37:39'),
	(17,'view','5','2017-11-03 19:37:45','2017-11-03 19:37:45'),
	(18,'add','5','2017-11-03 19:37:51','2017-11-03 19:37:51'),
	(19,'edit','5','2017-11-03 19:37:58','2017-11-03 19:37:58'),
	(20,'delete','5','2017-11-03 19:38:03','2017-11-03 19:38:03'),
	(21,'view','6','2017-11-03 19:38:17','2017-11-03 19:38:17'),
	(22,'add','6','2017-11-03 19:38:24','2017-11-03 19:38:24'),
	(23,'edit','6','2017-11-03 19:38:31','2017-11-03 19:38:31'),
	(24,'delete','6','2017-11-03 19:38:36','2017-11-03 19:38:36'),
	(25,'view','7','2017-11-03 19:38:45','2017-11-03 19:38:45'),
	(26,'add','7','2017-11-03 19:38:53','2017-11-03 19:38:53'),
	(27,'edit','7','2017-11-03 19:38:59','2017-11-03 19:38:59'),
	(28,'delete','7','2017-11-03 19:39:04','2017-11-03 19:39:04'),
	(29,'view','8','2017-11-03 19:39:12','2017-11-03 19:39:12'),
	(30,'add','8','2017-11-03 19:39:22','2017-11-03 19:39:22'),
	(31,'edit','8','2017-11-03 19:39:27','2017-11-03 19:39:27'),
	(32,'delete','8','2017-11-03 19:39:32','2017-11-03 19:39:32');

/*!40000 ALTER TABLE `permissions` ENABLE KEYS */;
UNLOCK TABLES;


# Dump of table profiles
# ------------------------------------------------------------

DROP TABLE IF EXISTS `profiles`;

CREATE TABLE `profiles` (
  `id` int(10) unsigned NOT NULL AUTO_INCREMENT,
  `user_id` int(10) unsigned NOT NULL,
  `anirban_code` varchar(255) COLLATE utf8mb4_unicode_ci NOT NULL,
  `date_of_birth` date DEFAULT NULL,
  `father_name` varchar(255) COLLATE utf8mb4_unicode_ci DEFAULT NULL,
  `mother_name` varchar(255) COLLATE utf8mb4_unicode_ci DEFAULT NULL,
  `date_of_joining` date DEFAULT NULL,
  `contact_number` varchar(255) COLLATE utf8mb4_unicode_ci DEFAULT NULL,
  `alternate_contact_number` varchar(255) COLLATE utf8mb4_unicode_ci DEFAULT NULL,
  `present_address` text COLLATE utf8mb4_unicode_ci,
  `permanent_address` text COLLATE utf8mb4_unicode_ci,
  `photo` varchar(255) COLLATE utf8mb4_unicode_ci DEFAULT NULL,
  `facebook_link` varchar(255) COLLATE utf8mb4_unicode_ci DEFAULT NULL,
  `created_at` timestamp NULL DEFAULT NULL,
  `updated_at` timestamp NULL DEFAULT NULL,
  PRIMARY KEY (`id`),
  KEY `profiles_user_id_index` (`user_id`),
  CONSTRAINT `profiles_user_id_foreign` FOREIGN KEY (`user_id`) REFERENCES `users` (`id`) ON DELETE CASCADE
) ENGINE=InnoDB DEFAULT CHARSET=utf8mb4 COLLATE=utf8mb4_unicode_ci;

LOCK TABLES `profiles` WRITE;
/*!40000 ALTER TABLE `profiles` DISABLE KEYS */;

INSERT INTO `profiles` (`id`, `user_id`, `anirban_code`, `date_of_birth`, `father_name`, `mother_name`, `date_of_joining`, `contact_number`, `alternate_contact_number`, `present_address`, `permanent_address`, `photo`, `facebook_link`, `created_at`, `updated_at`)
VALUES
	(1,1,'anirban_1','1988-11-17','মোঃ মুজিবুর রহমান','মোসাঃ মনোয়ারা বেগম','2017-10-15','8801678126086','8801794494400','ভোগড়া, জাতীয় বিশ্ববিদ‍্যালয়, জয়দেবপুর, গাজীপুর, বাংলাদেশ।','ভোগড়া, জাতীয় বিশ্ববিদ‍্যালয়, জয়দেবপুর, গাজীপুর, বাংলাদেশ।','public/users/hB8YgvMAKKUdmhLInXJy68dH07KVaF5xPta9QIxI.jpeg','https://www.facebook.com/polashmahmud4','2017-10-31 04:39:12','2018-01-17 13:08:05'),
	(2,2,'anirban_2',NULL,NULL,NULL,'2017-10-15',NULL,NULL,NULL,NULL,'public/users/cO6wkjGB5IOUT2LAiT4cFnvwykY6WTEs85cif5b2.jpeg',NULL,'2017-10-31 04:47:29','2017-11-13 15:10:07'),
	(3,3,'anirban_3',NULL,NULL,NULL,'2017-10-22',NULL,NULL,NULL,NULL,NULL,NULL,'2017-10-31 04:47:54','2017-10-31 05:17:19'),
	(4,4,'anirban_4',NULL,NULL,NULL,'2017-10-22',NULL,NULL,NULL,NULL,'public/users/eQcITO3xIUTevsgi19SG9YGtsttKfUjOQc7w9owD.jpeg',NULL,'2017-10-31 04:48:25','2017-11-13 15:01:25'),
	(5,5,'anirban_5',NULL,NULL,NULL,'2017-10-22',NULL,NULL,NULL,NULL,NULL,NULL,'2017-10-31 04:48:46','2017-10-31 05:17:06'),
	(6,6,'anirban_6',NULL,NULL,NULL,'2017-10-22',NULL,NULL,NULL,NULL,NULL,NULL,'2017-10-31 04:49:08','2017-10-31 05:17:42'),
	(7,7,'anirban_7',NULL,NULL,NULL,'2017-10-24',NULL,NULL,NULL,NULL,NULL,NULL,'2017-10-31 04:49:28','2017-10-31 05:18:34'),
	(8,8,'anirban_8',NULL,NULL,NULL,NULL,NULL,NULL,NULL,NULL,NULL,NULL,'2017-10-31 04:50:07','2017-10-31 04:50:07'),
	(9,9,'anirban_9',NULL,NULL,NULL,'2017-10-23',NULL,NULL,NULL,NULL,NULL,NULL,'2017-10-31 04:50:34','2017-10-31 05:16:54'),
	(10,10,'anirban_10',NULL,NULL,NULL,'2017-10-24',NULL,NULL,'ভোগড়া মধ‍্যপাড়া, বাইপাস রোড, জাতীয় বিশ্ববিদ‍্যালয়, জয়দেবপুর, গাজীপুর।','ভোগড়া মধ‍্যপাড়া, বাইপাস রোড, জাতীয় বিশ্ববিদ‍্যালয়, জয়দেবপুর, গাজীপুর।',NULL,NULL,'2017-10-31 04:51:42','2017-12-21 22:50:06'),
	(11,11,'anirban_11',NULL,'মোঃ হান্নান মন্ডল','মোসাঃ শিরিনা বেগম','2017-10-24','8801965990188',NULL,'ভোগড়া, জাতীয় বিশ্ববিদ্যালয়, জয়দেবপুর, গাজীপুর',NULL,NULL,NULL,'2017-10-31 04:52:09','2018-01-12 07:16:39'),
	(12,12,'anirban_12',NULL,NULL,NULL,NULL,NULL,NULL,NULL,NULL,NULL,NULL,'2017-10-31 04:52:37','2017-10-31 04:52:37'),
	(13,13,'anirban_13',NULL,NULL,NULL,'2017-11-01',NULL,NULL,NULL,NULL,'public/users/CNa6ZEHgEKvN6xW5sS9SFciC7Egd3IDrzb2dMAFB.jpeg',NULL,'2017-10-31 04:53:52','2017-11-02 06:55:41'),
	(14,14,'anirban_14',NULL,NULL,NULL,'2017-11-01',NULL,NULL,NULL,NULL,'public/users/adpxOP5QUcVNzs96CzaAA7ekW2KBqmgk1ZllkApk.jpeg',NULL,'2017-11-01 04:06:37','2017-11-02 06:56:01'),
	(15,15,'anirban_15',NULL,'মোঃ কুদ্দুস আলী','মোসাঃ রেজিয়া বেগম','2017-11-01','01950503093',NULL,'ভোগড়া. জাতীয় বিশ্ববিদ‍্যালয়, গাজীপুর, বাংলাদেশ।',NULL,NULL,NULL,'2017-11-01 22:46:16','2017-11-01 22:47:36'),
	(16,16,'anirban_16',NULL,NULL,NULL,NULL,NULL,NULL,NULL,NULL,NULL,NULL,'2017-11-03 00:47:11','2017-11-03 00:47:11'),
	(17,17,'anirban_17',NULL,'বাবু','ঝর্না','2017-11-10','01961811711',NULL,'ভোগড়া, জাতীয় বিশ্ববিদ‍্যালয়, জয়দেবপুর, গাজীপুর, বাংলাদেশ।','ভোগড়া, জাতীয় বিশ্ববিদ‍্যালয়, জয়দেবপুর, গাজীপুর, বাংলাদেশ।','public/users/quLj84798xxiSBx4XKZaMcxqKceZXgTNbCr1mLVM.jpeg',NULL,'2017-11-11 09:11:07','2017-11-11 09:50:10'),
	(18,18,'anirban_18',NULL,NULL,NULL,'2017-11-11',NULL,NULL,NULL,NULL,'public/users/tgNoHsY8NWQqFtf12o5ZWlgXMTOqnwjqsE8MNrD6.jpeg',NULL,'2017-11-12 06:46:10','2017-11-12 06:52:29'),
	(19,19,'anirban_19',NULL,'মোঃ আবু মিয়া','মোসাঃ চামেলী বেগম','2017-11-12','01721857108',NULL,'ভোগড়া, জাতীয় বিশ্ববিদ‍্যালয়, জয়দেবপুর, গাজীপুর।','ভোগড়া, জাতীয় বিশ্ববিদ‍্যালয়, জয়দেবপুর, গাজীপুর।',NULL,NULL,'2017-11-13 07:00:35','2017-11-13 07:04:14'),
	(20,20,'anirban_20',NULL,'তুহিন মন্ডল',NULL,'2017-11-12',NULL,NULL,'ভোগড়া, জাতীয় বিশ্ববিদ‍্যালয়, জয়দেবপুর, গাজীপুর।',NULL,NULL,NULL,'2017-11-13 07:36:49','2017-11-13 07:38:06'),
	(21,21,'anirban_21',NULL,NULL,NULL,'2017-11-12',NULL,NULL,NULL,NULL,NULL,NULL,'2017-11-13 08:36:07','2017-11-13 15:02:04'),
	(22,22,'anirban_22',NULL,NULL,NULL,'2017-11-13',NULL,NULL,NULL,NULL,'public/users/CVqgqAmwNmJ7TwD5BnBcetFa7H9d3zAMO5Uc37He.jpeg',NULL,'2017-11-14 01:25:00','2017-11-14 01:28:39'),
	(23,23,'anirban_23',NULL,NULL,NULL,'2017-12-04',NULL,NULL,NULL,NULL,NULL,NULL,'2017-12-05 07:13:27','2017-12-05 07:14:23'),
	(24,24,'anirban_24',NULL,'মোঃ ফরিক মিয়া','মোসাঃ সোহেদা বেগম','2017-12-21','০১৭১৫৭০৭৬৮৩','০১৯১১২৩৩২৮৬','ভোগড়া, জাতীয় বিশ্ববিদ্যালয়, জয়দেবপুর, গাজীপুর','কুমিল্লা মুরাদনগর, হায়দারাবাদ',NULL,NULL,'2017-12-21 21:14:50','2017-12-21 22:15:01'),
	(25,25,'anirban_25',NULL,NULL,NULL,'2017-12-20',NULL,NULL,NULL,NULL,NULL,NULL,'2017-12-24 09:24:15','2017-12-24 09:25:57'),
	(26,26,'anirban_26',NULL,NULL,NULL,'2017-12-29',NULL,NULL,NULL,NULL,NULL,NULL,'2017-12-30 06:00:54','2017-12-30 08:59:48'),
	(27,27,'anirban_27',NULL,'মন্ট্রু ঋষি','মেনাকা ঋষি','2018-01-01','8801942733551',NULL,'ভোগড়া, জাতীয় বিশ্ববিদ্যালয়, জয়দেবপুর, গাজীপুর','দিশা স্কুলের পাশে, গ্রাম/রাস্তা: মধ্যশেরী উত্তর, মধ্যশেরী উত্তর, ডাকঘর: শেরপুর সদর-২১০০, শেরপুর সদর, শেরপুর, পৌরসভা, শেরপুর',NULL,NULL,'2018-01-01 22:46:36','2018-01-01 23:12:03'),
	(28,28,'anirban_28',NULL,'গোলাস মোস্তফা','মতোয়ারা বেগম','2018-01-12','8801798108143',NULL,'ভোগড়া, বাসন সড়ক রোড, জাতীয বিশ্ববিদ্যালয়, জয়দেবপুর, গাজীপুর',NULL,NULL,NULL,'2018-01-13 05:35:13','2018-01-13 06:46:32'),
	(29,29,'anirban_29',NULL,NULL,NULL,NULL,NULL,NULL,NULL,NULL,NULL,NULL,'2018-01-13 07:02:50','2018-01-13 07:02:50');

/*!40000 ALTER TABLE `profiles` ENABLE KEYS */;
UNLOCK TABLES;


# Dump of table role_user
# ------------------------------------------------------------

DROP TABLE IF EXISTS `role_user`;

CREATE TABLE `role_user` (
  `user_id` int(11) NOT NULL,
  `role_id` int(11) NOT NULL
) ENGINE=InnoDB DEFAULT CHARSET=utf8mb4 COLLATE=utf8mb4_unicode_ci;

LOCK TABLES `role_user` WRITE;
/*!40000 ALTER TABLE `role_user` DISABLE KEYS */;

INSERT INTO `role_user` (`user_id`, `role_id`)
VALUES
	(1,1),
	(17,4),
	(13,3),
	(9,4),
	(5,4),
	(3,4),
	(4,4),
	(15,4),
	(6,4),
	(11,4),
	(7,4),
	(10,4),
	(16,4),
	(8,4),
	(14,4),
	(18,4),
	(19,4),
	(20,4),
	(21,4),
	(22,4),
	(23,4),
	(24,4),
	(25,4),
	(26,3),
	(27,4),
	(28,4),
	(29,4),
	(2,2);

/*!40000 ALTER TABLE `role_user` ENABLE KEYS */;
UNLOCK TABLES;


# Dump of table roles
# ------------------------------------------------------------

DROP TABLE IF EXISTS `roles`;

CREATE TABLE `roles` (
  `id` int(10) unsigned NOT NULL AUTO_INCREMENT,
  `name` varchar(255) COLLATE utf8mb4_unicode_ci NOT NULL,
  `created_at` timestamp NULL DEFAULT NULL,
  `updated_at` timestamp NULL DEFAULT NULL,
  PRIMARY KEY (`id`)
) ENGINE=InnoDB DEFAULT CHARSET=utf8mb4 COLLATE=utf8mb4_unicode_ci;

LOCK TABLES `roles` WRITE;
/*!40000 ALTER TABLE `roles` DISABLE KEYS */;

INSERT INTO `roles` (`id`, `name`, `created_at`, `updated_at`)
VALUES
	(1,'Admin','2017-11-03 19:33:14','2017-11-11 13:25:24'),
	(2,'Editor','2017-11-03 19:33:47','2017-11-11 13:25:17'),
	(3,'Member','2017-11-03 19:33:52','2017-11-11 13:24:51'),
	(4,'User','2017-11-03 19:33:58','2017-11-11 13:25:00');

/*!40000 ALTER TABLE `roles` ENABLE KEYS */;
UNLOCK TABLES;


# Dump of table sendsms
# ------------------------------------------------------------

DROP TABLE IF EXISTS `sendsms`;

CREATE TABLE `sendsms` (
  `id` int(10) unsigned NOT NULL AUTO_INCREMENT,
  `user_id` int(10) unsigned NOT NULL,
  `account_id` varchar(255) COLLATE utf8mb4_unicode_ci NOT NULL,
  `number` varchar(255) COLLATE utf8mb4_unicode_ci NOT NULL,
  `description` text COLLATE utf8mb4_unicode_ci NOT NULL,
  `created_at` timestamp NULL DEFAULT NULL,
  `updated_at` timestamp NULL DEFAULT NULL,
  PRIMARY KEY (`id`),
  KEY `sendsms_user_id_index` (`user_id`),
  CONSTRAINT `sendsms_user_id_foreign` FOREIGN KEY (`user_id`) REFERENCES `users` (`id`) ON DELETE CASCADE
) ENGINE=InnoDB DEFAULT CHARSET=utf8mb4 COLLATE=utf8mb4_unicode_ci;

LOCK TABLES `sendsms` WRITE;
/*!40000 ALTER TABLE `sendsms` DISABLE KEYS */;

INSERT INTO `sendsms` (`id`, `user_id`, `account_id`, `number`, `description`, `created_at`, `updated_at`)
VALUES
	(1,1,'AAN-1','01678126086','A/C: AAN-1, কিস্তি: 1 টি, সঞ্চয়: 3000 টাকা (অনির্বাণ সমিতি)','2018-01-17 12:29:07','2018-01-17 12:29:07'),
	(2,1,'AAN-1','01678126086','A/C: AAN-1, কিস্তি: 2 টি, সঞ্চয়: 6075 টাকা (অনির্বাণ সমিতি)','2018-01-17 12:30:12','2018-01-17 12:30:12'),
	(3,1,'AAN-1','01678126086','A/C: AAN-1, কিস্তি: 2 টি, সঞ্চয়: 6075 টাকা (অনির্বাণ সমিতি)','2018-01-17 13:05:34','2018-01-17 13:05:34'),
	(4,1,'AAN-1','8801678126086','A/C: AAN-1, কিস্তি: 2 টি, সঞ্চয়: 6075 টাকা (অনির্বাণ সমিতি)','2018-01-17 13:10:31','2018-01-17 13:10:31'),
	(5,1,'AAN-1','8801678126086','A/C: AAN-1, কিস্তি: 2 টি, সঞ্চয়: 6075 টাকা (অনির্বাণ সমিতি)','2018-01-17 13:12:52','2018-01-17 13:12:52'),
	(6,1,'AAN-35','8801678126086','AAN-35, কিস্তি: 3 টি, পরিশোধ: 330, বাকি আছে: 9670 টাকা','2018-01-17 13:35:19','2018-01-17 13:35:19'),
	(7,1,'AAN-35','8801678126086','AAN-35, কিস্তি: 4 টি, পরিশোধ: 440, বাকি আছে: 9560 টাকা','2018-01-17 13:37:31','2018-01-17 13:37:31'),
	(8,1,'AAN-35','8801678126086','AAN-35, কিস্তি: 4 টি, পরিশোধ: 440, বাকি আছে: 9560 টাকা','2018-01-17 13:43:29','2018-01-17 13:43:29'),
	(9,1,'AAN-35','8801678126086','AAN-35, কিস্তি: 5 টি, পরিশোধ: 550, বাকি আছে: 9450 টাকা','2018-01-17 13:57:45','2018-01-17 13:57:45'),
	(10,11,'AAN-31','8801965990188','AAN-31, কিস্তি: 0 টি, পরিশোধ: 0, বাকি আছে: 10000 টাকা','2018-01-17 13:58:45','2018-01-17 13:58:45'),
	(11,11,'AAN-12','8801965990188','AAN-12, কিস্তি: 89 টি, পরিশোধ: 10680, বাকি আছে: -680 টাকা','2018-01-17 13:59:25','2018-01-17 13:59:25'),
	(12,11,'AAN-12','8801965990188','AAN-12, কিস্তি: 90 টি, পরিশোধ: 10800, বাকি আছে: -800 টাকা','2018-01-17 14:19:35','2018-01-17 14:19:35'),
	(13,11,'AAN-11','8801965990188','AAN-11, কিস্তি: 121 টি, পরিশোধ: 14520, বাকি আছে: -4520 টাকা','2018-01-17 16:01:27','2018-01-17 16:01:27'),
	(14,11,'AAN-11','8801965990188','AAN-11, কিস্তি: 100 টি, পরিশোধ: 12000, বাকি আছে: -2000 টাকা','2018-01-17 16:01:57','2018-01-17 16:01:57'),
	(15,1,'AAN-1','8801678126086','AAN-1, কিস্তি: 1 টি, পরিশোধ: 110, বাকি আছে: 9890 টাকা','2018-01-17 16:04:06','2018-01-17 16:04:06'),
	(16,11,'AAN-11','8801965990188','AAN-11, কিস্তি: 101 টি, পরিশোধ: 12120, বাকি আছে: -2120 টাকা','2018-01-17 17:54:54','2018-01-17 17:54:54'),
	(17,11,'AAN-11','8801965990188','AAN-12, কিস্তি: 103 টি, পরিশোধ: 12360, বাকি আছে: -2360 টাকা','2018-01-17 22:12:19','2018-01-17 22:12:19'),
	(18,19,'AAN-19','01721857108','AAN-20, কিস্তি: 59 টি, পরিশোধ: 7670, বাকি আছে: 2330 টাকা','2018-01-17 22:12:36','2018-01-17 22:12:36'),
	(19,1,'AAN-1','8801678126086','AAN-35, কিস্তি: 2 টি, পরিশোধ: 220, বাকি আছে: 9780 টাকা','2018-01-20 02:38:31','2018-01-20 02:38:31'),
	(20,1,'AAN-1','8801678126086','AAN-35, কিস্তি: 3 টি, পরিশোধ: 330, বাকি আছে: 9670 টাকা','2018-01-20 02:38:40','2018-01-20 02:38:40'),
	(21,28,'AAN-28','8801798108143','AAN-33, কিস্তি: 1 টি, পরিশোধ: 120, বাকি আছে: 9880 টাকা','2018-01-20 02:38:49','2018-01-20 02:38:49'),
	(22,19,'AAN-19','01721857108','AAN-20, কিস্তি: 60 টি, পরিশোধ: 7800, বাকি আছে: 2200 টাকা','2018-01-20 02:38:52','2018-01-20 02:38:52'),
	(23,11,'AAN-11','8801965990188','AAN-12, কিস্তি: 104 টি, পরিশোধ: 12480, বাকি আছে: -2480 টাকা','2018-01-20 02:38:54','2018-01-20 02:38:54'),
	(24,1,'AAN-1','8801678126086','AAN-1, কিস্তি: 2 টি, সঞ্চয়: 6075 টাকা (অনির্বাণ সমিতি)','2018-01-20 10:43:29','2018-01-20 10:43:29'),
	(25,11,'AAN-11','8801965990188','AAN-12, কিস্তি: 105 টি, পরিশোধ: 12600, বাকি আছে: -2600 টাকা','2018-01-20 11:16:40','2018-01-20 11:16:40'),
	(26,1,'AAN-1','8801678126086','AAN-35, কিস্তি: 4 টি, পরিশোধ: 440, বাকি আছে: 9560 টাকা','2018-01-20 11:16:48','2018-01-20 11:16:48'),
	(27,11,'AAN-11','8801965990188','AAN-12, কিস্তি: 106 টি, পরিশোধ: 12720, বাকি আছে: -2720 টাকা','2018-01-20 11:48:22','2018-01-20 11:48:22'),
	(28,11,'AAN-11','8801965990188','AAN-12, কিস্তি: 107 টি, পরিশোধ: 12840, বাকি আছে: -2840 টাকা','2018-01-20 11:48:32','2018-01-20 11:48:32'),
	(29,11,'AAN-11','8801965990188','AAN-12, কিস্তি: 108 টি, পরিশোধ: 12960, বাকি আছে: -2960 টাকা','2018-01-20 11:48:38','2018-01-20 11:48:38'),
	(30,11,'AAN-11','8801965990188','AAN-12, কিস্তি: 109 টি, পরিশোধ: 13080, বাকি আছে: -3080 টাকা','2018-01-20 11:49:11','2018-01-20 11:49:11'),
	(31,11,'AAN-11','8801965990188','AAN-12, কিস্তি: 110 টি, পরিশোধ: 13200, বাকি আছে: -3200 টাকা','2018-01-20 11:51:43','2018-01-20 11:51:43'),
	(32,11,'AAN-11','8801965990188','AAN-12, কিস্তি: 111 টি, পরিশোধ: 13320, বাকি আছে: -3320 টাকা','2018-01-20 11:52:39','2018-01-20 11:52:39'),
	(33,11,'AAN-11','8801965990188','AAN-12, কিস্তি: 112 টি, পরিশোধ: 13440, বাকি আছে: -3440 টাকা','2018-01-20 11:52:52','2018-01-20 11:52:52'),
	(34,11,'AAN-11','8801965990188','AAN-12, কিস্তি: 113 টি, পরিশোধ: 13560, বাকি আছে: -3560 টাকা','2018-01-20 12:08:35','2018-01-20 12:08:35'),
	(35,11,'AAN-11','8801965990188','AAN-12, কিস্তি: 110 টি, পরিশোধ: 13200, বাকি আছে: -3200 টাকা','2018-01-20 16:06:02','2018-01-20 16:06:02');

/*!40000 ALTER TABLE `sendsms` ENABLE KEYS */;
UNLOCK TABLES;


# Dump of table tasks
# ------------------------------------------------------------

DROP TABLE IF EXISTS `tasks`;

CREATE TABLE `tasks` (
  `id` int(10) unsigned NOT NULL AUTO_INCREMENT,
  `task_date` date NOT NULL,
  `task_description` text COLLATE utf8mb4_unicode_ci,
  `task_amount` double(8,2) NOT NULL DEFAULT '0.00',
  `status` tinyint(1) NOT NULL DEFAULT '0',
  `created_at` timestamp NULL DEFAULT NULL,
  `updated_at` timestamp NULL DEFAULT NULL,
  PRIMARY KEY (`id`)
) ENGINE=InnoDB DEFAULT CHARSET=utf8mb4 COLLATE=utf8mb4_unicode_ci;

LOCK TABLES `tasks` WRITE;
/*!40000 ALTER TABLE `tasks` DISABLE KEYS */;

INSERT INTO `tasks` (`id`, `task_date`, `task_description`, `task_amount`, `status`, `created_at`, `updated_at`)
VALUES
	(1,'2017-10-30','সোহরাব ভাই ভর্তি টাকা ১৫০ দেয় নাই',0.00,1,'2017-10-31 05:22:00','2018-01-02 21:59:22'),
	(2,'2017-10-30','নাহিদ ভর্তি টাকা ১৫০ দেয় নাই',0.00,1,'2017-10-31 05:22:23','2018-01-02 21:59:18'),
	(3,'2017-10-30','মেহেদী ভাই ভর্তি ১৫০ টাকা দেয় নাই',0.00,1,'2017-10-31 05:22:52','2017-11-04 00:48:35'),
	(4,'2017-10-31','সরিফুল ভর্তি টাকা দেয় নাই',0.00,1,'2017-11-01 04:09:06','2018-01-02 21:59:13'),
	(5,'2018-01-17','নাপিত ২০ টাকা কম দিয়েছে',0.00,0,'2018-01-17 16:14:31','2018-01-17 16:14:31'),
	(6,'2018-01-17','কস কি মমিন',0.00,0,'2018-01-17 16:14:55','2018-01-17 16:14:55');

/*!40000 ALTER TABLE `tasks` ENABLE KEYS */;
UNLOCK TABLES;


# Dump of table users
# ------------------------------------------------------------

DROP TABLE IF EXISTS `users`;

CREATE TABLE `users` (
  `id` int(10) unsigned NOT NULL AUTO_INCREMENT,
  `name` varchar(255) COLLATE utf8mb4_unicode_ci NOT NULL,
  `email` varchar(255) COLLATE utf8mb4_unicode_ci NOT NULL,
  `password` varchar(255) COLLATE utf8mb4_unicode_ci NOT NULL,
  `active` tinyint(1) DEFAULT '0',
  `remember_token` varchar(100) COLLATE utf8mb4_unicode_ci DEFAULT NULL,
  `created_at` timestamp NULL DEFAULT NULL,
  `updated_at` timestamp NULL DEFAULT NULL,
  PRIMARY KEY (`id`),
  UNIQUE KEY `users_email_unique` (`email`)
) ENGINE=InnoDB DEFAULT CHARSET=utf8mb4 COLLATE=utf8mb4_unicode_ci;

LOCK TABLES `users` WRITE;
/*!40000 ALTER TABLE `users` DISABLE KEYS */;

INSERT INTO `users` (`id`, `name`, `email`, `password`, `active`, `remember_token`, `created_at`, `updated_at`)
VALUES
	(1,'Polash Mahmud','polashmahmud@gmail.com','$2y$10$9rRukPzLgwoGE7Y28nhOUO7O2hv8MabPrCgtWHopdHZ1iD1pFDu52',1,'L1brMTuNUGq2iMJXQ2pdriJEiriopWNGegqzadMulpXPQWyt8uXeyNGnBV8A','2017-10-31 04:39:12','2018-01-20 12:18:26'),
	(2,'মোঃ নাজমুল হাসান নাহিদ','nahid@anirban.com','$2y$10$JvZm90Swzczg.MgTf0kHFONR7fZJTjAAlB/wj3WU0TVae8myzyeIS',1,'pqy0h1hJVlsdRs0jxTEqHnnvm26mjoOwNXfFFpgXKWkUUeTMxFpgs3SSTkgt','2017-10-31 04:47:29','2018-01-20 15:06:27'),
	(3,'মোঃ ইব্রাহিম খলিল','ibrahim@anirban.com','$2y$10$6.Utr/ml1A2fyiw4kSH2meIFIDMm6Cs1RFUjrmlzFiR.ed9e1Jo4W',1,NULL,'2017-10-31 04:47:54','2017-11-11 13:28:09'),
	(4,'মোঃ ইমরান হাসান রাজন','rajon@anirban.com','$2y$10$5GefMsRw542TVdznAqfJy.lBztoIb0tyUsQ6V2krjwllM33VIBuvO',1,NULL,'2017-10-31 04:48:25','2017-11-11 13:28:36'),
	(5,'আবির (ইব্রাহিমের ছেলে)','abir@anirban.com','$2y$10$DynTRzXQsyM.v7vxHD8xjePSNNvz9qNwOnWzEheqml9tnYwy7i99O',1,NULL,'2017-10-31 04:48:46','2018-01-17 08:12:34'),
	(6,'মোঃ জহির','johir@anirban.com','$2y$10$wHBEDVLOTMT5NWhiuz4KmuZ7ZVG9Bg0LsjBwQEEOyqZ9eiHrWm0ea',0,NULL,'2017-10-31 04:49:08','2017-11-26 13:24:03'),
	(7,'মোঃ মোকলেস','moklas@anirban.com','$2y$10$nMM7HbPsnLjfjbUiFF/aT.e/vOOILx8J1Jg42kgZi6Gxk6kMFGO5i',0,NULL,'2017-10-31 04:49:28','2017-11-26 13:23:48'),
	(8,'সোহরাব হোসেন','sohorab@anirban.com','$2y$10$51ika.TlsjzHl1VeYs/FductFoGsbvqlf83oql7DYOGmGo9UjqHiS',1,NULL,'2017-10-31 04:50:07','2017-11-11 13:31:21'),
	(9,'আকবর হোসেন','akbar@anirban.com','$2y$10$MzHgHjXqiCRBsg/2YCrKueAAn9TwH5kfzeNctbEg5xqfA5S1HeyfS',1,NULL,'2017-10-31 04:50:34','2018-01-20 12:19:02'),
	(10,'মোঃ সাইফুল ইসলাম','saiful@anirban.com','$2y$10$zM8Bh93iFew/YjF.ZEM6/.g4K1YsSbC63igf2KWxFsiPLjMjTlBOK',1,'xHf7rgyINCguUKkaBRwsKwECXE9El01u1WNmbvu1526uVKt4UVgZVj9QJl7m','2017-10-31 04:51:42','2017-12-21 22:57:36'),
	(11,'মোঃ পলাশ মন্ডল','polash@anirban.com','$2y$10$PE/DxlkS7DkZdneNkdsGIO.TmmRH.fvFX4kht8cy9AS4SRx47O/eS',1,NULL,'2017-10-31 04:52:09','2017-11-11 13:29:54'),
	(12,'মোঃ লিমন খান','limon@anirban.com','$2y$10$h0joh/o9rTti6N2HaCn5JebHxso4uhyJfN4OKwRw7K1.5RgqPZmJa',1,NULL,'2017-10-31 04:52:37','2017-11-01 22:41:42'),
	(13,'Mehedee Hasan','mehedee@gmail.com','$2y$10$oqWrqoOyxfbsTstkXspZEeWbgnKCuLAfGMt/L6xChUbgV.Q.FTR8e',1,'UWTJlEuKz6YYGG1vyW3CkBOuzNzluEl3G1rUIrxFKMnczxi07rZY1mQLfici','2017-10-31 04:53:52','2018-01-20 14:52:58'),
	(14,'Sharif Ul Islam','sharif@anirban.com','$2y$10$ekU.wPBSxVRKDvd.PXiNQeEW1QZGUvOGrngNI3jsIXa.CXcgrNnfa',1,'yj5qb22OwMh7zbZGxGmz2pNKOMHQIv4mRbskIP3oGzJCvEBOdcVSXEPEYfVx','2017-11-01 04:06:37','2017-11-11 13:45:51'),
	(15,'মোঃ কামাল হোসেন','kamal@anirban.com','$2y$10$skO4Bx7iGAgCJR9xR9K8N.HKE869symeDA3rgbeyZ/kWIgDNL5wPS',1,NULL,'2017-11-01 22:46:16','2017-11-11 13:28:57'),
	(16,'মোঃ সৈকত মন্ডল','soikot@anirban.com','$2y$10$MdqjSkUVNe6IeSPifcSDUeDxcWzpRs1g7mIvLjFLwxcumFpd/Oo2m',1,NULL,'2017-11-03 00:47:11','2017-11-11 13:31:04'),
	(17,'জাইফ','jaif@anirban.com','$2y$10$rQ.NBCrzq7YtsYD0EK1q7.sEavEYLDXx2UtWLV3WPxh.4AumUBHaq',1,NULL,'2017-11-11 09:11:07','2017-11-12 06:45:27'),
	(18,'ইতি','eti@anirban.com','$2y$10$F2Qt1PyfLJ2C4SXzfIQWMOXhZRbjhk9d0hyuR6hMpFkYBz6xex5xS',1,NULL,'2017-11-12 06:46:10','2017-11-12 06:52:05'),
	(19,'মোঃ শাহীন মিয়া','shahin@anirban.com','$2y$10$Ur3o9z8nVQ.Uawu.Q.MeEOfthG1MP6I.kGZ2diCxgYtyWb65HmiWK',1,NULL,'2017-11-13 07:00:35','2017-12-23 06:53:33'),
	(20,'তাসলিমা আক্তার','taslima@anirban.com','$2y$10$C.Vaf84E5IlhgTpIrWQsPOXwTlYdv12/iJqmZBFbQvjPsMR9bX4Fe',0,NULL,'2017-11-13 07:36:49','2017-12-18 06:02:52'),
	(21,'মোসাঃ জিনিয়া','jina@anirban.com','$2y$10$ADXzE/5fBzTa0pkQOc2sZulmdreaCIVBp9.slt7OYlX6XfS2bEYjq',1,NULL,'2017-11-13 08:36:07','2017-11-13 08:36:21'),
	(22,'সাবা','saba@anirban.com','$2y$10$mY8aINmNd8VmPHpdxU8Je.6T9c3oJW7ev6GT/Us27vtmlRbGisKqe',1,NULL,'2017-11-14 01:25:00','2017-11-14 01:26:01'),
	(23,'রুকু','ruque@anirban.com','$2y$10$XU3AZvF72TwfSfdzenOJnenBNJegk0t0PI2IGsnUT4My0SzniWdRa',1,NULL,'2017-12-05 07:13:27','2017-12-05 07:13:50'),
	(24,'সোহাগ','sohag@anirban.com','$2y$10$nq3izlnZ3tz5GR.MfyHtsev4T/oKYNDtVSgZcN2UI7cl52nUwCaFu',1,NULL,'2017-12-21 21:14:50','2018-01-20 15:08:14'),
	(25,'সদস্য বোনাস','bonus@anirban.com','$2y$10$u8Qzm9sjHCoNdfxa4caDLOR7D.ZwwPh/Z7rV9PZrNG9blgUPFk7aS',0,NULL,'2017-12-24 09:24:15','2017-12-24 09:24:15'),
	(26,'মোঃ আল-আমিন বাবর','knock@babar.im','$2y$10$gVIJYX3BCh/PTjAPVbEmYu2FWTwGBLmWV1O0pccL.hwDgeX8GDcz.',1,'yPHqAlibgT0TBRxGD7zf2lEpqInZv4ZaueBTPB72ikW0C7ytfm648gEjpboH','2017-12-30 06:00:54','2017-12-30 09:00:33'),
	(27,'নিমাই চন্দ্র ঋষি','neami@anirban.com','$2y$10$7edcnqnSvjljEk2B1mxJW.h1kQQ5o/FiCoV5hf4ne6QFzzdRzNiwq',1,NULL,'2018-01-01 22:46:36','2018-01-01 22:46:47'),
	(28,'মোঃ নাজমুল হক','nazmul@anirban.com','$2y$10$WiIKdUoN5T81ZpV0A9EdpepUrHO/G5fURsqUVUyc6FbUVXw83sidO',1,NULL,'2018-01-13 05:35:13','2018-01-13 05:35:27'),
	(29,'মোঃ শফিকুল ইসলাম','sofiqul@anirban.com','$2y$10$n3HJH3ICY6Qf3ScO9PpnqegDibN7qMzcdPo2ru9gZ0HSQCIy5kD.W',1,NULL,'2018-01-13 07:02:50','2018-01-13 07:03:01');

/*!40000 ALTER TABLE `users` ENABLE KEYS */;
UNLOCK TABLES;



/*!40111 SET SQL_NOTES=@OLD_SQL_NOTES */;
/*!40101 SET SQL_MODE=@OLD_SQL_MODE */;
/*!40014 SET FOREIGN_KEY_CHECKS=@OLD_FOREIGN_KEY_CHECKS */;
/*!40101 SET CHARACTER_SET_CLIENT=@OLD_CHARACTER_SET_CLIENT */;
/*!40101 SET CHARACTER_SET_RESULTS=@OLD_CHARACTER_SET_RESULTS */;
/*!40101 SET COLLATION_CONNECTION=@OLD_COLLATION_CONNECTION */;
